State,Year,Month,Total Deaths,Drug Deaths
AK,2015,January,"4,034",126
AK,2015,February,"4,084",127
AK,2015,March,"4,101",125
NM,2018,January,"18,147",489
AK,2015,April,"4,133",126
AK,2015,May,"4,196",125
NM,2018,February,"18,148",486
NM,2018,February,"18,150",486
NM,2018,March,"18,178",485
NM,2018,March,"18,178",484
NM,2018,March,"18,181",485
NM,2018,March,"18,181",484
NM,2018,April,"18,162",482
NM,2018,April,"18,162",481
NM,2018,April,"18,166",482
NM,2018,April,"18,166",481
AK,2015,June,"4,201",121
NM,2018,May,"18,028",478
NM,2018,May,"18,028",476
NM,2018,May,"18,035",478
NM,2018,May,"18,035",476
NM,2018,June,"18,143",498
NM,2018,June,"18,143",494
NM,2018,June,"18,151",498
NM,2018,June,"18,151",494
AK,2015,July,"4,220",117
AK,2015,August,"4,222",124
AK,2015,September,"4,242",125
AK,2015,October,"4,241",120
AK,2015,November,"4,219",115
AK,2015,December,"4,193",121
AK,2016,January,"4,213",126
AK,2016,February,"4,198",128
AK,2016,March,"4,230",125
AK,2016,April,"4,262",132
AK,2016,May,"4,241",140
AK,2016,June,"4,261",138
AK,2016,July,"4,269",143
AK,2016,August,"4,276",138
AK,2016,September,"4,256",131
AK,2016,October,"4,291",131
AK,2016,November,"4,289",133
AK,2016,December,"4,355",129
AK,2017,January,"4,374",126
AK,2017,February,"4,347",124
AK,2017,March,"4,359",126
AK,2017,April,"4,325",117
AK,2017,May,"4,277",120
AK,2017,June,"4,276",122
AK,2017,July,"4,236",128
AK,2017,August,"4,234",137
NM,2018,July,"18,164",488
NM,2018,July,"18,164",483
NM,2018,July,"18,178",488
NM,2018,July,"18,178",483
OK,2018,July,"39,951",697
OK,2018,July,"39,951",696
OK,2018,July,"39,956",697
OK,2018,July,"39,956",696
OR,2018,February,"36,152",535
OR,2018,March,"36,276",545
OR,2018,March,"36,277",545
OR,2018,April,"36,351",555
OR,2018,April,"36,351",554
OR,2018,April,"36,352",555
OR,2018,April,"36,352",554
OR,2018,May,"36,192",567
OR,2018,May,"36,192",566
OR,2018,June,"36,294",575
OR,2018,June,"36,294",574
OR,2018,July,"36,179",574
OR,2018,July,"36,179",571
AK,2017,September,"4,299",148
AK,2017,October,"4,283",144
AK,2017,November,"4,308",138
AK,2017,December,"4,279",141
AK,2018,January,"4,260",138
AK,2018,February,"4,304",138
AK,2018,February,"4,304",139
AK,2018,March,"4,286",135
AK,2018,March,"4,286",136
AK,2018,April,"4,341",141
AK,2018,April,"4,341",142
AK,2018,May,"4,351",125
AK,2018,May,"4,351",126
AK,2018,May,"4,352",125
AK,2018,May,"4,352",126
AK,2018,June,"4,307",124
AK,2018,June,"4,307",125
AK,2018,June,"4,309",124
AK,2018,June,"4,309",125
AK,2018,July,"4,333",115
AK,2018,July,"4,333",116
AK,2018,July,"4,337",115
AK,2018,July,"4,337",116
AL,2015,January,"49,543",715
AL,2015,February,"50,004",723
AL,2015,March,"50,486",733
AL,2015,April,"50,565",738
AL,2015,May,"50,516",755
AL,2015,June,"50,658",756
AL,2015,July,"50,841",743
AL,2015,August,"50,930",736
AL,2015,September,"51,044",744
AL,2015,October,"51,091",730
AL,2015,November,"51,093",725
AL,2015,December,"50,870",720
AL,2016,January,"50,534",706
AL,2016,February,"50,555",710
AL,2016,March,"50,348",681
AL,2016,April,"50,391",676
AL,2016,May,"50,511",654
AL,2016,June,"50,613",674
AL,2016,July,"50,683",681
AL,2016,August,"50,756",685
AL,2016,September,"50,810",695
AL,2016,October,"50,869",704
AL,2016,November,"51,110",718
AL,2016,December,"51,431",740
AL,2017,January,"51,652",763
AL,2017,February,"51,542",759
AL,2017,March,"51,668",794
AL,2017,April,"51,794",795
AL,2017,May,"51,943",812
AL,2017,June,"52,000",804
AL,2017,July,"52,035",809
AL,2017,August,"52,075",808
AL,2017,September,"52,232",800
AL,2017,October,"52,267",801
AL,2017,November,"52,254",799
AL,2017,December,"52,307",807
AL,2018,January,"53,105",786
AL,2018,January,"53,106",786
AL,2018,February,"53,272",797
AL,2018,February,"53,275",797
AL,2018,March,"53,222",782
AL,2018,March,"53,225",782
AL,2018,April,"53,239",780
AL,2018,April,"53,243",780
AL,2018,May,"53,273",783
AL,2018,May,"53,278",783
AL,2018,June,"53,353",760
AL,2018,June,"53,359",760
AL,2018,July,"53,445",753
AL,2018,July,"53,457",753
AR,2015,January,"30,122",366
AR,2015,February,"30,332",366
AR,2015,March,"30,387",385
AR,2015,April,"30,444",373
AR,2015,May,"30,602",383
AR,2015,June,"30,722",391
AR,2015,July,"30,685",395
AR,2015,August,"30,884",398
AR,2015,September,"30,931",392
AR,2015,October,"31,015",397
AR,2015,November,"31,007",389
AR,2015,December,"30,986",381
AR,2016,January,"30,624",378
AR,2016,February,"30,413",379
AR,2016,March,"30,421",363
AR,2016,April,"30,489",372
AR,2016,May,"30,361",376
AR,2016,June,"30,434",369
AR,2016,July,"30,590",378
AR,2016,August,"30,488",383
AR,2016,September,"30,540",379
AR,2016,October,"30,489",372
AR,2016,November,"30,697",378
AR,2016,December,"31,028",386
AR,2017,January,"31,113",384
AR,2017,February,"31,156",380
AR,2017,March,"31,309",384
AR,2017,April,"31,382",386
AR,2017,May,"31,496",383
AR,2017,June,"31,555",398
AR,2017,July,"31,550",395
AR,2017,August,"31,596",406
AR,2017,September,"31,718",413
AR,2017,October,"31,724",410
AR,2017,November,"31,654",411
AR,2017,December,"31,823",425
AR,2018,January,"32,294",427
AR,2018,February,"32,398",424
AR,2018,March,"32,198",429
AR,2018,March,"32,199",429
AR,2018,April,"32,053",423
AR,2018,April,"32,054",423
AR,2018,May,"32,109",440
AR,2018,May,"32,112",440
AR,2018,June,"32,067",442
AR,2018,June,"32,072",442
AR,2018,July,"32,029",445
AR,2018,July,"32,035",445
AZ,2015,January,"52,342","1,193"
AZ,2015,February,"52,371","1,175"
AZ,2015,March,"52,826","1,174"
AZ,2015,April,"53,025","1,173"
AZ,2015,May,"53,225","1,184"
AZ,2015,June,"53,462","1,209"
AZ,2015,July,"53,685","1,201"
AZ,2015,August,"53,907","1,240"
AZ,2015,September,"54,058","1,241"
AZ,2015,October,"54,122","1,264"
AZ,2015,November,"54,421","1,269"
AZ,2015,December,"54,853","1,267"
AZ,2016,January,"54,917","1,298"
AZ,2016,February,"55,755","1,307"
AZ,2016,March,"56,319","1,313"
AZ,2016,April,"56,436","1,335"
AZ,2016,May,"56,522","1,350"
AZ,2016,June,"56,648","1,370"
AZ,2016,July,"56,865","1,421"
AZ,2016,August,"56,960","1,410"
AZ,2016,September,"57,051","1,404"
AZ,2016,October,"57,277","1,405"
AZ,2016,November,"57,252","1,397"
AZ,2016,December,"57,215","1,393"
AZ,2017,January,"57,221","1,417"
AZ,2017,February,"56,609","1,411"
AZ,2017,March,"56,269","1,429"
AZ,2017,April,"56,454","1,418"
AZ,2017,May,"56,721","1,437"
AZ,2017,June,"57,013","1,455"
AZ,2017,July,"57,215","1,450"
AZ,2017,August,"57,310","1,468"
AZ,2017,September,"57,531","1,492"
AZ,2017,October,"57,694","1,503"
AZ,2017,November,"57,852","1,517"
AZ,2017,December,"58,440","1,555"
AZ,2018,January,"59,585","1,571"
AZ,2018,February,"59,898","1,581"
AZ,2018,March,"60,189","1,592"
AZ,2018,March,"60,190","1,592"
AZ,2018,April,"60,304","1,610"
AZ,2018,April,"60,305","1,610"
AZ,2018,May,"60,185","1,605"
AZ,2018,May,"60,186","1,605"
AZ,2018,June,"60,112","1,603"
AZ,2018,June,"60,114","1,603"
AZ,2018,July,"60,168","1,642"
AZ,2018,July,"60,168","1,647"
AZ,2018,July,"60,170","1,642"
AZ,2018,July,"60,170","1,647"
TN,2018,May,"74,589","1,781"
TN,2018,May,"74,589","1,777"
TN,2018,May,"74,605","1,781"
TN,2018,May,"74,605","1,777"
CA,2015,January,"248,191","4,603"
CA,2015,February,"249,920","4,616"
CA,2015,March,"251,540","4,608"
CA,2015,April,"252,831","4,625"
CA,2015,May,"253,858","4,607"
CA,2015,June,"254,838","4,604"
CA,2015,July,"255,417","4,628"
CA,2015,August,"256,464","4,670"
CA,2015,September,"257,163","4,747"
CA,2015,October,"257,750","4,784"
CA,2015,November,"258,808","4,747"
CA,2015,December,"260,172","4,762"
CA,2016,January,"259,303","4,745"
CA,2016,February,"260,508","4,745"
CA,2016,March,"261,416","4,768"
CA,2016,April,"261,595","4,795"
CA,2016,May,"261,557","4,811"
CA,2016,June,"261,467","4,844"
CA,2016,July,"261,603","4,816"
CA,2016,August,"261,781","4,791"
CA,2016,September,"262,041","4,716"
CA,2016,October,"262,751","4,659"
CA,2016,November,"262,360","4,709"
CA,2016,December,"263,199","4,755"
CA,2017,January,"265,340","4,771"
CA,2017,February,"264,889","4,724"
CA,2017,March,"264,767","4,721"
CA,2017,April,"265,286","4,714"
CA,2017,May,"265,953","4,761"
CA,2017,June,"266,897","4,808"
CA,2017,July,"267,372","4,870"
CA,2017,August,"267,347","4,900"
CA,2017,September,"268,090","4,972"
CA,2017,October,"268,366","5,078"
CA,2017,November,"268,369","5,059"
CA,2017,December,"269,377","5,028"
CA,2018,January,"271,347","5,075"
CA,2018,February,"271,528","5,138"
CA,2018,February,"271,529","5,138"
CA,2018,March,"272,912","5,116"
CA,2018,March,"272,915","5,116"
CA,2018,April,"272,668","5,092"
CA,2018,April,"272,674","5,092"
CA,2018,May,"272,205","5,024"
CA,2018,May,"272,212","5,024"
CA,2018,June,"271,919","5,016"
CA,2018,June,"271,928","5,016"
CA,2018,July,"272,056","5,001"
CA,2018,July,"272,068","5,001"
CO,2015,January,"36,264",923
CO,2015,February,"36,330",932
CO,2015,March,"36,300",939
CO,2015,April,"36,601",950
CO,2015,May,"36,667",927
CO,2015,June,"36,816",921
CO,2015,July,"36,960",918
CO,2015,August,"37,125",928
CO,2015,September,"37,101",917
CO,2015,October,"37,144",915
CO,2015,November,"37,144",908
CO,2015,December,"36,993",913
CO,2016,January,"36,752",913
CO,2016,February,"36,987",912
CO,2016,March,"37,387",908
CO,2016,April,"37,351",894
CO,2016,May,"37,535",915
CO,2016,June,"37,504",935
CO,2016,July,"37,620",928
CO,2016,August,"37,650",934
CO,2016,September,"37,834",933
CO,2016,October,"38,048",948
CO,2016,November,"38,075",952
CO,2016,December,"38,151",965
CO,2017,January,"38,236",977
CO,2017,February,"38,358",967
CO,2017,March,"38,364",964
CO,2017,April,"38,521",989
CO,2017,May,"38,410",983
CO,2017,June,"38,470",997
CO,2017,July,"38,367","1,013"
CO,2017,August,"38,380","1,019"
CO,2017,September,"38,542","1,024"
CO,2017,October,"38,590","1,027"
CO,2017,November,"38,704","1,046"
CO,2017,December,"38,759","1,040"
CO,2018,January,"38,985","1,048"
CO,2018,February,"38,953","1,053"
CO,2018,March,"38,963","1,067"
CO,2018,April,"38,931","1,046"
CO,2018,May,"39,007","1,056"
CO,2018,June,"38,973","1,033"
CO,2018,July,"39,079","1,034"
CO,2018,July,"39,080","1,034"
TN,2018,June,"74,716","1,781"
TN,2018,June,"74,716","1,771"
TN,2018,June,"74,735","1,781"
TN,2018,June,"74,735","1,771"
CT,2015,January,"30,221",631
CT,2015,February,"30,349",633
CT,2015,March,"30,497",639
CT,2015,April,"30,431",650
CT,2015,May,"30,437",652
CT,2015,June,"30,508",670
CT,2015,July,"30,612",722
CT,2015,August,"30,549",728
CT,2015,September,"30,556",748
CT,2015,October,"30,615",779
CT,2015,November,"30,751",800
CT,2015,December,"30,600",799
CT,2016,January,"30,368",824
CT,2016,February,"30,231",836
CT,2016,March,"30,162",849
CT,2016,April,"30,198",869
CT,2016,May,"30,198",895
CT,2016,June,"30,188",909
CT,2016,July,"30,094",906
CT,2016,August,"30,156",928
CT,2016,September,"30,088",929
CT,2016,October,"30,155",918
CT,2016,November,"30,294",939
CT,2016,December,"30,641",974
CT,2017,January,"30,834",985
TN,2018,July,"74,818","1,786"
TN,2018,July,"74,818","1,773"
TN,2018,July,"74,844","1,786"
TN,2018,July,"74,844","1,773"
CT,2017,February,"31,023",994
CT,2017,March,"31,060","1,019"
CT,2017,April,"31,103","1,018"
CT,2017,May,"31,116","1,046"
CT,2017,June,"31,248","1,056"
CT,2017,July,"31,345","1,074"
CT,2017,August,"31,374","1,081"
CT,2017,September,"31,543","1,083"
CT,2017,October,"31,511","1,092"
CT,2017,November,"31,424","1,066"
CT,2017,December,"31,542","1,080"
CT,2018,January,"31,745","1,049"
CT,2018,January,"31,745","1,054"
CT,2018,February,"31,569","1,049"
CT,2018,February,"31,569","1,059"
CT,2018,March,"31,528","1,054"
CT,2018,March,"31,528","1,065"
CT,2018,April,"31,562","1,051"
CT,2018,April,"31,562","1,065"
CT,2018,May,"31,589","1,031"
CT,2018,May,"31,589","1,048"
CT,2018,June,"31,447","1,040"
CT,2018,June,"31,447","1,059"
CT,2018,July,"31,528","1,031"
CT,2018,July,"31,528","1,052"
US,2018,April,"2,845,954","68,674"
US,2018,April,"2,845,954","68,557"
US,2018,April,"2,846,100","68,674"
US,2018,April,"2,846,100","68,557"
US,2018,May,"2,844,958","68,251"
US,2018,May,"2,844,958","68,067"
US,2018,May,"2,845,216","68,251"
US,2018,May,"2,845,216","68,067"
US,2018,June,"2,846,153","67,956"
US,2018,June,"2,846,153","67,685"
US,2018,June,"2,846,461","67,956"
US,2018,June,"2,846,461","67,685"
DC,2015,January,"5,589",113
DC,2015,February,"5,632",113
DC,2015,March,"5,704",115
DC,2015,April,"5,740",113
DC,2015,May,"5,706",118
DC,2015,June,"5,678",119
DC,2015,July,"5,668",114
DC,2015,August,"5,703",115
DC,2015,September,"5,683",122
DC,2015,October,"5,719",126
DC,2015,November,"5,754",135
DC,2015,December,"5,706",144
DC,2016,January,"5,616",146
DC,2016,February,"5,610",146
DC,2016,March,"5,620",161
DC,2016,April,"5,662",174
DC,2016,May,"5,719",198
DC,2016,June,"5,731",208
DC,2016,July,"5,770",219
DC,2016,August,"5,789",239
DC,2016,September,"5,869",247
DC,2016,October,"5,876",259
DC,2016,November,"5,933",289
DC,2016,December,"6,055",300
DC,2017,January,"6,128",326
DC,2017,February,"6,177",342
DC,2017,March,"6,227",357
DC,2017,April,"6,241",375
DC,2017,May,"6,287",380
DC,2017,June,"6,328",384
DC,2017,July,"6,314",383
DC,2017,August,"6,296",377
DC,2017,September,"6,302",380
DC,2017,October,"6,301",371
DC,2017,November,"6,257",346
DC,2017,December,"6,238",348
DC,2018,January,"6,296",331
DC,2018,February,"6,276",322
DC,2018,February,"6,278",322
DC,2018,March,"6,236",302
DC,2018,March,"6,238",302
DC,2018,April,"6,202",299
DC,2018,April,"6,204",299
DC,2018,May,"6,180",288
DC,2018,May,"6,183",288
DC,2018,June,"6,172",280
DC,2018,June,"6,175",280
DC,2018,July,"6,184",286
DC,2018,July,"6,188",286
DE,2015,January,"8,485",210
DE,2015,February,"8,561",208
DE,2015,March,"8,551",208
DE,2015,April,"8,580",200
DE,2015,May,"8,583",195
DE,2015,June,"8,577",199
DE,2015,July,"8,642",202
DE,2015,August,"8,648",192
DE,2015,September,"8,686",201
DE,2015,October,"8,661",187
DE,2015,November,"8,666",194
DE,2015,December,"8,591",195
DE,2016,January,"8,485",181
DE,2016,February,"8,473",189
DE,2016,March,"8,555",188
DE,2016,April,"8,530",199
DE,2016,May,"8,553",216
DE,2016,June,"8,571",221
DE,2016,July,"8,609",233
DE,2016,August,"8,666",245
DE,2016,September,"8,740",245
DE,2016,October,"8,809",254
DE,2016,November,"8,889",268
DE,2016,December,"8,980",285
DE,2017,January,"9,058",310
DE,2017,February,"9,085",309
DE,2017,March,"9,099",312
DE,2017,April,"9,150",313
DE,2017,May,"9,119",310
DE,2017,June,"9,098",313
DE,2017,July,"9,108",320
DE,2017,August,"9,089",326
DE,2017,September,"9,045",329
DE,2017,October,"9,016",338
DE,2017,November,"9,047",345
DE,2017,December,"9,132",341
DE,2018,January,"9,132",330
DE,2018,February,"9,195",338
DE,2018,March,"9,225",354
DE,2018,April,"9,268",360
DE,2018,May,"9,339",366
DE,2018,June,"9,430",367
DE,2018,July,"9,486",363
FL,2015,January,"189,170","2,755"
FL,2015,February,"190,591","2,824"
FL,2015,March,"191,745","2,862"
FL,2015,April,"192,268","2,886"
FL,2015,May,"193,067","2,958"
FL,2015,June,"193,387","2,983"
FL,2015,July,"193,875","3,117"
FL,2015,August,"194,364","3,204"
FL,2015,September,"195,097","3,270"
FL,2015,October,"195,599","3,341"
FL,2015,November,"195,311","3,340"
FL,2015,December,"194,297","3,352"
FL,2016,January,"193,810","3,324"
FL,2016,February,"194,386","3,401"
FL,2016,March,"195,215","3,596"
FL,2016,April,"195,883","3,703"
FL,2016,May,"196,050","3,759"
FL,2016,June,"196,273","3,843"
FL,2016,July,"196,733","3,973"
FL,2016,August,"197,300","4,091"
FL,2016,September,"197,602","4,279"
FL,2016,October,"198,220","4,579"
FL,2016,November,"199,256","4,836"
FL,2016,December,"199,964","4,996"
FL,2017,January,"200,883","5,179"
FL,2017,February,"200,708","5,230"
FL,2017,March,"200,881","5,287"
FL,2017,April,"201,341","5,386"
FL,2017,May,"201,706","5,535"
FL,2017,June,"202,314","5,676"
FL,2017,July,"202,400","5,602"
FL,2017,August,"202,940","5,627"
FL,2017,September,"203,978","5,592"
FL,2017,October,"204,665","5,475"
FL,2017,November,"205,023","5,415"
FL,2017,December,"206,171","5,440"
FL,2018,January,"208,171","5,452"
FL,2018,February,"208,896","5,418"
FL,2018,February,"208,895","5,418"
FL,2018,March,"208,927","5,292"
FL,2018,March,"208,926","5,292"
FL,2018,April,"208,895","5,266"
FL,2018,April,"208,895","5,268"
FL,2018,April,"208,894","5,266"
FL,2018,April,"208,894","5,268"
FL,2018,May,"208,959","5,228"
FL,2018,May,"208,959","5,231"
FL,2018,May,"208,958","5,228"
FL,2018,May,"208,958","5,231"
FL,2018,June,"209,229","5,128"
FL,2018,June,"209,229","5,132"
FL,2018,June,"209,228","5,128"
FL,2018,June,"209,228","5,132"
FL,2018,July,"209,556","5,126"
FL,2018,July,"209,556","5,132"
US,2018,July,"2,849,252","67,719"
US,2018,July,"2,849,252","67,319"
US,2018,July,"2,849,634","67,719"
US,2018,July,"2,849,634","67,319"
GA,2015,January,"77,687","1,206"
GA,2015,February,"78,215","1,235"
GA,2015,March,"78,805","1,257"
GA,2015,April,"79,111","1,270"
GA,2015,May,"79,186","1,289"
GA,2015,June,"79,559","1,311"
GA,2015,July,"79,994","1,330"
GA,2015,August,"80,081","1,327"
GA,2015,September,"80,392","1,314"
GA,2015,October,"80,715","1,337"
GA,2015,November,"80,919","1,315"
GA,2015,December,"80,541","1,308"
GA,2016,January,"80,247","1,299"
GA,2016,February,"80,280","1,277"
GA,2016,March,"80,292","1,278"
GA,2016,April,"80,405","1,291"
GA,2016,May,"80,430","1,268"
GA,2016,June,"80,535","1,279"
GA,2016,July,"80,602","1,270"
GA,2016,August,"81,003","1,275"
GA,2016,September,"81,280","1,289"
GA,2016,October,"81,277","1,298"
GA,2016,November,"81,392","1,344"
GA,2016,December,"81,783","1,370"
GA,2017,January,"82,150","1,398"
GA,2017,February,"82,143","1,418"
GA,2017,March,"82,436","1,436"
GA,2017,April,"82,588","1,467"
GA,2017,May,"82,813","1,484"
GA,2017,June,"82,946","1,485"
GA,2017,July,"83,087","1,493"
GA,2017,August,"83,122","1,501"
GA,2017,September,"83,199","1,499"
GA,2017,October,"83,588","1,520"
GA,2017,November,"83,665","1,506"
GA,2017,December,"83,679","1,516"
GA,2018,January,"84,833","1,479"
GA,2018,January,"84,833","1,480"
GA,2018,January,"84,837","1,479"
GA,2018,January,"84,837","1,480"
GA,2018,February,"85,223","1,459"
GA,2018,February,"85,223","1,460"
GA,2018,February,"85,230","1,459"
GA,2018,February,"85,230","1,460"
GA,2018,March,"85,080","1,467"
GA,2018,March,"85,080","1,468"
GA,2018,March,"85,090","1,467"
GA,2018,March,"85,090","1,468"
GA,2018,April,"85,183","1,434"
GA,2018,April,"85,183","1,436"
GA,2018,April,"85,196","1,434"
GA,2018,April,"85,196","1,436"
GA,2018,May,"85,418","1,438"
GA,2018,May,"85,418","1,441"
GA,2018,May,"85,434","1,438"
GA,2018,May,"85,434","1,441"
GA,2018,June,"85,390","1,432"
GA,2018,June,"85,390","1,436"
GA,2018,June,"85,412","1,432"
GA,2018,June,"85,412","1,436"
GA,2018,July,"85,277","1,438"
GA,2018,July,"85,277","1,442"
GA,2018,July,"85,311","1,438"
GA,2018,July,"85,311","1,442"
HI,2015,January,"11,026",157
HI,2015,February,"11,076",161
HI,2015,March,"11,073",158
HI,2015,April,"11,031",157
HI,2015,May,"11,063",163
HI,2015,June,"11,100",147
HI,2015,July,"11,111",147
HI,2015,August,"11,116",149
HI,2015,September,"11,154",153
HI,2015,October,"11,187",156
HI,2015,November,"11,203",165
HI,2015,December,"11,208",171
HI,2016,January,"11,070",174
HI,2016,February,"11,065",181
HI,2016,March,"11,067",187
HI,2016,April,"11,057",191
HI,2016,May,"10,969",190
HI,2016,June,"10,901",194
HI,2016,July,"10,896",193
HI,2016,August,"10,892",203
HI,2016,September,"10,824",194
HI,2016,October,"10,870",193
HI,2016,November,"10,939",195
HI,2016,December,"11,041",199
HI,2017,January,"11,142",203
HI,2017,February,"11,111",190
HI,2017,March,"11,136",182
HI,2017,April,"11,205",180
HI,2017,May,"11,306",190
HI,2017,June,"11,380",188
HI,2017,July,"11,384",193
HI,2017,August,"11,409",188
HI,2017,September,"11,426",196
HI,2017,October,"11,391",199
HI,2017,November,"11,450",201
HI,2017,December,"11,508",202
HI,2018,January,"11,516",202
HI,2018,January,"11,517",202
HI,2018,February,"11,575",213
HI,2018,February,"11,576",213
HI,2018,March,"11,655",220
HI,2018,March,"11,655",221
HI,2018,March,"11,657",220
HI,2018,March,"11,657",221
HI,2018,April,"11,668",232
HI,2018,April,"11,668",233
HI,2018,April,"11,672",232
HI,2018,April,"11,672",233
HI,2018,May,"11,614",215
HI,2018,May,"11,614",216
HI,2018,May,"11,619",215
HI,2018,May,"11,619",216
HI,2018,June,"11,639",221
HI,2018,June,"11,639",222
HI,2018,June,"11,644",221
HI,2018,June,"11,644",222
HI,2018,July,"11,653",221
HI,2018,July,"11,653",222
HI,2018,July,"11,658",221
HI,2018,July,"11,658",222
IA,2015,January,"29,177",274
IA,2015,February,"29,203",274
IA,2015,March,"29,380",272
IA,2015,April,"29,412",265
IA,2015,May,"29,462",277
IA,2015,June,"29,533",289
IA,2015,July,"29,649",298
IA,2015,August,"29,667",296
IA,2015,September,"29,678",311
IA,2015,October,"29,692",307
IA,2015,November,"29,599",308
IA,2015,December,"29,291",300
IA,2016,January,"29,031",303
IA,2016,February,"29,156",304
IA,2016,March,"28,911",309
IA,2016,April,"28,908",316
IA,2016,May,"28,909",318
IA,2016,June,"28,863",310
IA,2016,July,"28,746",304
IA,2016,August,"28,760",309
IA,2016,September,"28,822",306
IA,2016,October,"28,956",313
IA,2016,November,"29,018",319
IA,2016,December,"29,318",314
IA,2017,January,"29,622",325
IA,2017,February,"29,703",330
IA,2017,March,"29,945",330
IA,2017,April,"29,999",319
IA,2017,May,"30,121",322
IA,2017,June,"30,213",332
IA,2017,July,"30,210",334
IA,2017,August,"30,109",338
IA,2017,September,"30,122",334
IA,2017,October,"30,135",338
IA,2017,November,"30,220",340
IA,2017,December,"30,242",341
IA,2018,January,"30,144",336
IA,2018,February,"30,193",331
IA,2018,March,"30,109",326
IA,2018,April,"30,146",325
IA,2018,May,"30,068",312
IA,2018,June,"30,120",306
IA,2018,July,"30,184",303
ID,2015,January,"12,667",209
ID,2015,February,"12,669",206
ID,2015,March,"12,693",216
ID,2015,April,"12,753",219
ID,2015,May,"12,849",213
ID,2015,June,"12,831",217
ID,2015,July,"12,917",220
ID,2015,August,"12,836",218
ID,2015,September,"12,782",214
ID,2015,October,"12,892",215
ID,2015,November,"12,905",209
ID,2015,December,"12,987",214
ID,2016,January,"12,912",214
ID,2016,February,"12,987",215
ID,2016,March,"13,036",212
ID,2016,April,"13,093",209
ID,2016,May,"13,131",212
ID,2016,June,"13,221",216
ID,2016,July,"13,228",218
ID,2016,August,"13,283",217
ID,2016,September,"13,227",218
ID,2016,October,"13,205",229
ID,2016,November,"13,190",235
ID,2016,December,"13,297",228
ID,2017,January,"13,479",226
ID,2017,February,"13,530",232
ID,2017,March,"13,601",231
ID,2017,April,"13,619",235
ID,2017,May,"13,588",240
ID,2017,June,"13,580",231
ID,2017,July,"13,621",234
ID,2017,August,"13,656",235
ID,2017,September,"13,769",240
ID,2017,October,"13,864",236
ID,2017,November,"13,936",233
ID,2017,December,"13,908",234
ID,2018,January,"13,900",228
ID,2018,February,"13,928",223
ID,2018,March,"13,964",225
ID,2018,April,"13,984",227
ID,2018,May,"14,021",222
ID,2018,May,"14,021",223
ID,2018,June,"14,048",232
ID,2018,June,"14,048",233
ID,2018,July,"14,108",241
ID,2018,July,"14,108",243
IL,2015,January,"103,054","1,652"
IL,2015,February,"103,174","1,657"
IL,2015,March,"103,679","1,688"
IL,2015,April,"104,256","1,735"
IL,2015,May,"104,525","1,782"
IL,2015,June,"104,648","1,766"
IL,2015,July,"104,977","1,761"
IL,2015,August,"105,266","1,793"
IL,2015,September,"105,207","1,813"
IL,2015,October,"105,465","1,847"
IL,2015,November,"105,252","1,860"
IL,2015,December,"103,953","1,864"
IL,2016,January,"103,132","1,893"
IL,2016,February,"103,656","1,958"
IL,2016,March,"103,543","2,025"
IL,2016,April,"103,291","2,097"
IL,2016,May,"103,228","2,129"
IL,2016,June,"103,275","2,213"
IL,2016,July,"103,249","2,261"
IL,2016,August,"103,292","2,275"
IL,2016,September,"103,368","2,319"
IL,2016,October,"103,256","2,297"
IL,2016,November,"103,309","2,333"
IL,2016,December,"104,091","2,427"
IL,2017,January,"104,762","2,524"
IL,2017,February,"104,986","2,553"
IL,2017,March,"105,376","2,543"
IL,2017,April,"105,559","2,513"
IL,2017,May,"105,625","2,473"
IL,2017,June,"105,673","2,462"
IL,2017,July,"105,607","2,486"
IL,2017,August,"105,639","2,560"
IL,2017,September,"105,968","2,650"
IL,2017,October,"105,958","2,714"
IL,2017,November,"106,309","2,781"
IL,2017,December,"106,635","2,765"
IL,2018,January,"107,753","2,760"
IL,2018,February,"107,652","2,746"
IL,2018,March,"107,327","2,767"
IL,2018,April,"107,683","2,801"
IL,2018,May,"107,678","2,853"
IL,2018,June,"107,631","2,860"
IL,2018,July,"107,753","2,880"
IL,2018,July,"107,753","2,882"
IL,2018,July,"107,754","2,880"
IL,2018,July,"107,754","2,882"
IN,2015,January,"62,174","1,162"
IN,2015,February,"62,377","1,151"
IN,2015,March,"62,886","1,193"
IN,2015,April,"63,354","1,208"
IN,2015,May,"63,491","1,203"
IN,2015,June,"63,517","1,217"
IN,2015,July,"63,570","1,207"
IN,2015,August,"63,694","1,221"
IN,2015,September,"63,837","1,210"
IN,2015,October,"63,829","1,205"
IN,2015,November,"63,655","1,218"
IN,2015,December,"63,255","1,232"
IN,2016,January,"62,610","1,228"
IN,2016,February,"62,863","1,259"
IN,2016,March,"62,968","1,264"
IN,2016,April,"62,811","1,285"
IN,2016,May,"62,632","1,321"
IN,2016,June,"62,648","1,354"
IN,2016,July,"62,795","1,383"
IN,2016,August,"62,933","1,421"
IN,2016,September,"62,891","1,434"
IN,2016,October,"63,185","1,441"
IN,2016,November,"63,580","1,469"
IN,2016,December,"64,051","1,506"
IN,2017,January,"64,506","1,576"
IN,2017,February,"64,783","1,629"
IN,2017,March,"65,084","1,664"
IN,2017,April,"65,321","1,700"
IN,2017,May,"65,558","1,721"
IN,2017,June,"65,867","1,720"
IN,2017,July,"65,911","1,777"
IN,2017,August,"65,909","1,762"
IN,2017,September,"66,057","1,802"
IN,2017,October,"66,020","1,842"
IN,2017,November,"66,004","1,861"
IN,2017,December,"66,053","1,835"
IN,2018,January,"66,622","1,805"
IN,2018,January,"66,624","1,805"
IN,2018,February,"66,497","1,749"
IN,2018,February,"66,499","1,749"
IN,2018,March,"66,194","1,723"
IN,2018,March,"66,195","1,723"
IN,2018,April,"66,176","1,699"
IN,2018,April,"66,176","1,701"
IN,2018,April,"66,182","1,699"
IN,2018,April,"66,182","1,701"
IN,2018,May,"66,199","1,677"
IN,2018,May,"66,199","1,681"
IN,2018,May,"66,214","1,677"
IN,2018,May,"66,214","1,681"
IN,2018,June,"66,068","1,673"
IN,2018,June,"66,068","1,677"
IN,2018,June,"66,085","1,673"
IN,2018,June,"66,085","1,677"
IN,2018,July,"66,090","1,655"
IN,2018,July,"66,090","1,660"
IN,2018,July,"66,110","1,655"
IN,2018,July,"66,110","1,660"
KS,2015,January,"25,208",312
KS,2015,February,"25,320",308
KS,2015,March,"25,392",323
KS,2015,April,"25,392",332
KS,2015,May,"25,456",337
KS,2015,June,"25,657",330
KS,2015,July,"25,803",328
KS,2015,August,"25,885",337
KS,2015,September,"25,920",334
KS,2015,October,"26,017",334
KS,2015,November,"25,935",328
KS,2015,December,"25,863",323
KS,2016,January,"25,598",313
KS,2016,February,"25,507",317
KS,2016,March,"25,415",313
KS,2016,April,"25,463",312
KS,2016,May,"25,400",305
KS,2016,June,"25,353",319
KS,2016,July,"25,292",320
KS,2016,August,"25,308",320
KS,2016,September,"25,223",315
KS,2016,October,"25,174",312
KS,2016,November,"25,296",315
KS,2016,December,"25,489",313
KS,2017,January,"25,718",327
KS,2017,February,"25,933",324
KS,2017,March,"26,130",323
KS,2017,April,"26,134",317
KS,2017,May,"26,151",317
KS,2017,June,"26,079",301
KS,2017,July,"26,133",310
KS,2017,August,"26,011",297
KS,2017,September,"26,084",303
KS,2017,October,"26,140",316
KS,2017,November,"26,132",313
KS,2017,December,"26,148",323
KS,2018,January,"26,281",319
KS,2018,February,"26,298",317
KS,2018,March,"26,276",318
KS,2018,April,"26,332",323
KS,2018,May,"26,365",332
KS,2018,May,"26,365",333
KS,2018,June,"26,517",346
KS,2018,June,"26,517",347
KS,2018,July,"26,422",343
KS,2018,July,"26,422",344
KY,2015,January,"44,911","1,101"
KY,2015,February,"45,331","1,121"
KY,2015,March,"45,453","1,152"
KY,2015,April,"45,635","1,172"
KY,2015,May,"45,852","1,185"
KY,2015,June,"45,839","1,198"
KY,2015,July,"45,917","1,211"
KY,2015,August,"45,990","1,208"
KY,2015,September,"46,169","1,233"
KY,2015,October,"46,372","1,217"
KY,2015,November,"46,396","1,240"
KY,2015,December,"46,195","1,248"
KY,2016,January,"45,819","1,253"
KY,2016,February,"45,854","1,228"
KY,2016,March,"46,039","1,253"
KY,2016,April,"46,307","1,291"
KY,2016,May,"46,269","1,320"
KY,2016,June,"46,456","1,371"
KY,2016,July,"46,593","1,376"
KY,2016,August,"46,769","1,404"
KY,2016,September,"47,052","1,411"
KY,2016,October,"47,070","1,416"
KY,2016,November,"47,283","1,395"
KY,2016,December,"47,606","1,437"
KY,2017,January,"47,839","1,480"
KY,2017,February,"47,924","1,545"
KY,2017,March,"48,020","1,552"
KY,2017,April,"48,046","1,580"
KY,2017,May,"48,136","1,583"
KY,2017,June,"48,254","1,564"
KY,2017,July,"48,228","1,568"
KY,2017,August,"48,144","1,575"
KY,2017,September,"48,012","1,566"
KY,2017,October,"47,967","1,564"
KY,2017,November,"47,845","1,594"
KY,2017,December,"48,014","1,566"
KY,2018,January,"48,413","1,529"
KY,2018,February,"48,342","1,490"
KY,2018,February,"48,344","1,490"
KY,2018,March,"48,244","1,450"
KY,2018,March,"48,246","1,450"
KY,2018,April,"48,173","1,416"
KY,2018,April,"48,175","1,416"
KY,2018,May,"48,168","1,379"
KY,2018,May,"48,170","1,379"
KY,2018,June,"48,048","1,377"
KY,2018,June,"48,052","1,377"
KY,2018,July,"48,044","1,378"
KY,2018,July,"48,048","1,378"
LA,2015,January,"44,100",782
LA,2015,February,"44,150",785
LA,2015,March,"44,301",784
LA,2015,April,"44,230",796
LA,2015,May,"44,154",803
LA,2015,June,"44,191",802
LA,2015,July,"44,204",825
LA,2015,August,"44,240",823
LA,2015,September,"44,371",838
LA,2015,October,"44,348",834
LA,2015,November,"44,169",853
LA,2015,December,"43,914",875
LA,2016,January,"43,495",890
LA,2016,February,"43,428",901
LA,2016,March,"43,445",894
LA,2016,April,"43,610",893
LA,2016,May,"43,743",899
LA,2016,June,"43,768",941
LA,2016,July,"43,742",962
LA,2016,August,"43,939",979
LA,2016,September,"44,033",997
LA,2016,October,"44,225","1,021"
LA,2016,November,"44,340","1,012"
LA,2016,December,"44,411","1,004"
LA,2017,January,"44,579","1,015"
LA,2017,February,"44,597","1,010"
LA,2017,March,"44,769","1,020"
LA,2017,April,"44,836","1,036"
LA,2017,May,"44,913","1,030"
LA,2017,June,"44,976","1,016"
LA,2017,July,"44,995","1,007"
LA,2017,August,"45,031","1,020"
LA,2017,September,"45,019","1,014"
LA,2017,October,"45,068","1,015"
LA,2017,November,"45,331","1,059"
LA,2017,December,"45,953","1,102"
LA,2018,January,"46,783","1,112"
LA,2018,January,"46,785","1,112"
LA,2018,February,"46,888","1,134"
LA,2018,February,"46,891","1,134"
LA,2018,March,"46,589","1,166"
LA,2018,March,"46,589","1,165"
LA,2018,March,"46,594","1,166"
LA,2018,March,"46,594","1,165"
LA,2018,April,"46,522","1,175"
LA,2018,April,"46,522","1,173"
LA,2018,April,"46,529","1,175"
LA,2018,April,"46,529","1,173"
LA,2018,May,"46,598","1,202"
LA,2018,May,"46,598","1,201"
LA,2018,May,"46,607","1,202"
LA,2018,May,"46,607","1,201"
LA,2018,June,"46,649","1,212"
LA,2018,June,"46,649","1,211"
LA,2018,June,"46,663","1,212"
LA,2018,June,"46,663","1,211"
LA,2018,July,"46,672","1,207"
LA,2018,July,"46,691","1,207"
MA,2015,January,"57,044","1,296"
MA,2015,February,"57,676","1,288"
MA,2015,March,"58,056","1,331"
MA,2015,April,"58,197","1,376"
MA,2015,May,"58,356","1,395"
MA,2015,June,"58,523","1,408"
MA,2015,July,"58,729","1,453"
MA,2015,August,"58,790","1,494"
MA,2015,September,"58,924","1,549"
MA,2015,October,"59,151","1,623"
MA,2015,November,"59,104","1,702"
MA,2015,December,"58,761","1,723"
MA,2016,January,"57,874","1,738"
MA,2016,February,"57,469","1,788"
MA,2016,March,"57,250","1,812"
MA,2016,April,"57,077","1,889"
MA,2016,May,"56,934","1,932"
MA,2016,June,"56,937","2,001"
MA,2016,July,"56,793","2,073"
MA,2016,August,"56,981","2,089"
MA,2016,September,"57,129","2,131"
MA,2016,October,"57,073","2,143"
MA,2016,November,"57,362","2,157"
MA,2016,December,"57,861","2,198"
MA,2017,January,"58,454","2,224"
MA,2017,February,"58,797","2,206"
MA,2017,March,"58,965","2,203"
MA,2017,April,"59,087","2,168"
MA,2017,May,"59,072","2,143"
MA,2017,June,"59,166","2,105"
MA,2017,July,"59,435","2,078"
MA,2017,August,"59,589","2,104"
MA,2017,September,"59,535","2,106"
MA,2017,October,"59,624","2,093"
MA,2017,November,"59,559","2,102"
MA,2017,December,"59,727","2,138"
MA,2018,January,"60,029","2,159"
MA,2018,January,"60,029","2,160"
MA,2018,February,"59,852","2,166"
MA,2018,February,"59,852","2,167"
MA,2018,February,"59,853","2,166"
MA,2018,February,"59,853","2,167"
MA,2018,March,"59,769","2,158"
MA,2018,March,"59,769","2,159"
MA,2018,March,"59,770","2,158"
MA,2018,March,"59,770","2,159"
MA,2018,April,"59,636","2,160"
MA,2018,April,"59,636","2,162"
MA,2018,April,"59,637","2,160"
MA,2018,April,"59,637","2,162"
MA,2018,May,"59,852","2,219"
MA,2018,May,"59,852","2,221"
MA,2018,May,"59,855","2,219"
MA,2018,May,"59,855","2,221"
MA,2018,June,"59,888","2,277"
MA,2018,June,"59,888","2,280"
MA,2018,June,"59,891","2,277"
MA,2018,June,"59,891","2,280"
MA,2018,July,"59,909","2,304"
MA,2018,July,"59,909","2,308"
MA,2018,July,"59,912","2,304"
MA,2018,July,"59,912","2,308"
MD,2015,January,"46,592","1,078"
MD,2015,February,"46,765","1,115"
MD,2015,March,"46,818","1,129"
MD,2015,April,"46,928","1,125"
MD,2015,May,"47,095","1,137"
MD,2015,June,"47,301","1,137"
MD,2015,July,"47,386","1,146"
MD,2015,August,"47,457","1,169"
MD,2015,September,"47,485","1,212"
MD,2015,October,"47,630","1,251"
MD,2015,November,"47,583","1,282"
MD,2015,December,"47,162","1,320"
MD,2016,January,"46,615","1,303"
MD,2016,February,"46,686","1,336"
MD,2016,March,"46,689","1,381"
MD,2016,April,"46,898","1,479"
MD,2016,May,"47,054","1,580"
MD,2016,June,"47,120","1,683"
MD,2016,July,"47,315","1,758"
MD,2016,August,"47,548","1,848"
MD,2016,September,"47,868","1,907"
MD,2016,October,"48,045","1,945"
MD,2016,November,"48,351","1,997"
MD,2016,December,"48,668","2,074"
MD,2017,January,"49,031","2,174"
MD,2017,February,"49,189","2,188"
MD,2017,March,"49,489","2,230"
MD,2017,April,"49,576","2,265"
MD,2017,May,"49,556","2,267"
MD,2017,June,"49,654","2,273"
MD,2017,July,"49,530","2,259"
MD,2017,August,"49,549","2,250"
MD,2017,September,"49,583","2,262"
MD,2017,October,"49,527","2,277"
MD,2017,November,"49,539","2,285"
MD,2017,December,"49,670","2,284"
MD,2018,January,"49,961","2,288"
MD,2018,January,"49,961","2,289"
MD,2018,February,"49,967","2,357"
MD,2018,February,"49,967","2,358"
MD,2018,March,"49,930","2,394"
MD,2018,March,"49,930","2,395"
MD,2018,April,"49,855","2,410"
MD,2018,April,"49,855","2,411"
MD,2018,May,"49,828","2,425"
MD,2018,May,"49,828","2,428"
MD,2018,June,"49,863","2,439"
MD,2018,June,"49,863","2,442"
MD,2018,July,"50,066","2,432"
MD,2018,July,"50,066","2,435"
MD,2018,July,"50,067","2,432"
MD,2018,July,"50,067","2,435"
UT,2018,January,"18,749",636
UT,2018,January,"18,750",636
ME,2015,January,"13,627",213
ME,2015,February,"13,845",218
ME,2015,March,"13,901",230
ME,2015,April,"13,993",243
ME,2015,May,"14,023",239
ME,2015,June,"14,016",238
ME,2015,July,"14,052",253
ME,2015,August,"14,179",245
ME,2015,September,"14,296",258
ME,2015,October,"14,368",265
ME,2015,November,"14,367",271
ME,2015,December,"14,324",267
ME,2016,January,"14,129",270
ME,2016,February,"13,952",271
ME,2016,March,"13,897",279
ME,2016,April,"13,868",290
ME,2016,May,"13,964",303
ME,2016,June,"14,059",327
ME,2016,July,"14,044",334
ME,2016,August,"14,005",345
ME,2016,September,"13,937",342
ME,2016,October,"13,923",337
ME,2016,November,"13,983",341
ME,2016,December,"14,069",357
ME,2017,January,"14,136",368
ME,2017,February,"14,224",366
ME,2017,March,"14,326",368
ME,2017,April,"14,445",375
ME,2017,May,"14,342",369
ME,2017,June,"14,362",356
ME,2017,July,"14,325",355
ME,2017,August,"14,391",362
ME,2017,September,"14,479",376
ME,2017,October,"14,467",394
ME,2017,November,"14,491",396
ME,2017,December,"14,513",409
ME,2018,January,"14,604",408
ME,2018,February,"14,640",411
ME,2018,March,"14,551",410
ME,2018,April,"14,507",404
ME,2018,May,"14,474",402
ME,2018,June,"14,443",404
ME,2018,July,"14,491",403
UT,2018,February,"18,804",637
UT,2018,February,"18,806",637
MI,2015,January,"93,274","1,796"
MI,2015,February,"93,559","1,822"
MI,2015,March,"94,086","1,861"
MI,2015,April,"94,589","1,941"
MI,2015,May,"94,659","1,986"
MI,2015,June,"94,937","2,012"
MI,2015,July,"95,051","2,017"
MI,2015,August,"95,190","2,009"
UT,2018,March,"18,779",642
UT,2018,March,"18,783",642
MI,2015,September,"95,072","2,006"
MI,2015,October,"95,079","1,997"
MI,2015,November,"94,631","1,997"
MI,2015,December,"93,920","1,973"
MI,2016,January,"93,137","1,944"
MI,2016,February,"93,407","1,963"
MI,2016,March,"93,268","1,975"
MI,2016,April,"93,368","1,927"
MI,2016,May,"93,535","1,927"
MI,2016,June,"93,472","1,926"
MI,2016,July,"93,394","1,950"
MI,2016,August,"93,445","1,977"
MI,2016,September,"93,753","2,013"
MI,2016,October,"93,939","2,108"
MI,2016,November,"94,283","2,193"
MI,2016,December,"94,840","2,342"
MI,2017,January,"95,468","2,435"
MI,2017,February,"95,549","2,469"
MI,2017,March,"96,017","2,491"
MI,2017,April,"96,144","2,511"
MI,2017,May,"96,114","2,547"
MI,2017,June,"96,216","2,591"
MI,2017,July,"96,246","2,630"
MI,2017,August,"96,265","2,696"
MI,2017,September,"96,087","2,725"
MI,2017,October,"95,963","2,707"
MI,2017,November,"96,022","2,708"
MI,2017,December,"96,266","2,665"
MI,2018,January,"96,771","2,643"
MI,2018,January,"96,771","2,645"
MI,2018,January,"96,775","2,643"
MI,2018,January,"96,775","2,645"
MI,2018,February,"97,115","2,659"
MI,2018,February,"97,115","2,661"
MI,2018,February,"97,119","2,659"
MI,2018,February,"97,119","2,661"
MI,2018,March,"96,960","2,666"
MI,2018,March,"96,960","2,670"
MI,2018,March,"96,963","2,666"
MI,2018,March,"96,963","2,670"
MI,2018,April,"97,056","2,675"
MI,2018,April,"97,056","2,684"
MI,2018,April,"97,058","2,675"
MI,2018,April,"97,058","2,684"
MI,2018,May,"96,981","2,632"
MI,2018,May,"96,981","2,643"
MI,2018,May,"97,027","2,632"
MI,2018,May,"97,027","2,643"
MI,2018,June,"97,066","2,649"
MI,2018,June,"97,066","2,661"
MI,2018,June,"97,114","2,649"
MI,2018,June,"97,114","2,661"
MI,2018,July,"97,298","2,659"
MI,2018,July,"97,298","2,675"
MI,2018,July,"97,348","2,659"
MI,2018,July,"97,348","2,675"
MN,2015,January,"41,954",530
MN,2015,February,"42,098",523
MN,2015,March,"42,319",529
MN,2015,April,"42,623",541
MN,2015,May,"42,666",550
MN,2015,June,"42,770",544
MN,2015,July,"42,851",549
MN,2015,August,"43,041",563
MN,2015,September,"43,112",574
MN,2015,October,"43,207",586
MN,2015,November,"43,022",588
MN,2015,December,"42,713",592
MN,2016,January,"42,576",607
MN,2016,February,"42,746",631
MN,2016,March,"42,655",626
MN,2016,April,"42,590",627
MN,2016,May,"42,526",631
MN,2016,June,"42,535",649
MN,2016,July,"42,556",645
MN,2016,August,"42,560",649
MN,2016,September,"42,690",647
MN,2016,October,"42,767",638
MN,2016,November,"42,946",654
MN,2016,December,"43,134",664
MN,2017,January,"43,129",655
MN,2017,February,"43,284",652
MN,2017,March,"43,480",664
MN,2017,April,"43,647",668
MN,2017,May,"43,865",676
MN,2017,June,"43,837",685
MN,2017,July,"43,878",686
MN,2017,August,"43,902",698
MN,2017,September,"43,932",720
MN,2017,October,"43,983",727
MN,2017,November,"44,136",729
MN,2017,December,"44,295",728
MN,2018,January,"44,683",718
MN,2018,January,"44,684",718
MN,2018,February,"44,722",719
MN,2018,February,"44,723",719
MN,2018,March,"44,530",713
MN,2018,March,"44,531",713
MN,2018,April,"44,418",698
MN,2018,April,"44,419",698
MN,2018,May,"44,354",689
MN,2018,May,"44,355",689
MN,2018,June,"44,410",676
MN,2018,June,"44,411",676
MN,2018,July,"44,582",686
MN,2018,July,"44,584",686
MO,2015,January,"60,902","1,108"
MO,2015,February,"61,478","1,107"
MO,2015,March,"61,767","1,092"
MO,2015,April,"61,945","1,072"
MO,2015,May,"62,138","1,093"
MO,2015,June,"62,053","1,116"
MO,2015,July,"62,257","1,103"
MO,2015,August,"62,314","1,070"
MO,2015,September,"62,510","1,081"
MO,2015,October,"62,571","1,071"
MO,2015,November,"62,541","1,090"
MO,2015,December,"61,995","1,087"
MO,2016,January,"61,427","1,096"
MO,2016,February,"61,186","1,121"
MO,2016,March,"60,919","1,129"
MO,2016,April,"61,039","1,150"
MO,2016,May,"60,964","1,147"
MO,2016,June,"61,135","1,157"
MO,2016,July,"61,118","1,192"
MO,2016,August,"61,319","1,236"
MO,2016,September,"61,271","1,247"
MO,2016,October,"61,393","1,288"
MO,2016,November,"61,411","1,329"
MO,2016,December,"61,888","1,386"
MO,2017,January,"62,663","1,394"
MO,2017,February,"63,125","1,388"
MO,2017,March,"63,553","1,415"
MO,2017,April,"63,345","1,403"
MO,2017,May,"63,485","1,403"
MO,2017,June,"63,516","1,403"
MO,2017,July,"63,679","1,395"
MO,2017,August,"63,740","1,392"
MO,2017,September,"63,926","1,421"
MO,2017,October,"63,893","1,428"
MO,2017,November,"64,027","1,407"
MO,2017,December,"64,202","1,398"
MO,2018,January,"64,832","1,396"
MO,2018,January,"64,834","1,396"
MO,2018,February,"64,986","1,406"
MO,2018,February,"64,988","1,406"
MO,2018,March,"64,915","1,405"
MO,2018,March,"64,915","1,406"
MO,2018,March,"64,917","1,405"
MO,2018,March,"64,917","1,406"
MO,2018,April,"65,308","1,440"
MO,2018,April,"65,308","1,441"
MO,2018,April,"65,311","1,440"
MO,2018,April,"65,311","1,441"
MO,2018,May,"65,407","1,454"
MO,2018,May,"65,407","1,456"
MO,2018,May,"65,412","1,454"
MO,2018,May,"65,412","1,456"
MO,2018,June,"65,440","1,494"
MO,2018,June,"65,440","1,497"
MO,2018,June,"65,451","1,494"
MO,2018,June,"65,451","1,497"
MO,2018,July,"65,331","1,523"
MO,2018,July,"65,331","1,528"
MO,2018,July,"65,345","1,523"
MO,2018,July,"65,345","1,528"
MS,2015,January,"29,715",302
MS,2015,February,"29,969",302
MS,2015,March,"30,211",307
MS,2015,April,"30,303",322
MS,2015,May,"30,541",328
MS,2015,June,"30,703",329
MS,2015,July,"30,921",343
MS,2015,August,"31,052",348
MS,2015,September,"31,070",337
MS,2015,October,"31,167",331
MS,2015,November,"31,127",325
MS,2015,December,"31,006",333
MS,2016,January,"31,049",338
MS,2016,February,"30,918",335
MS,2016,March,"30,894",334
MS,2016,April,"30,800",322
MS,2016,May,"30,752",323
MS,2016,June,"30,689",320
MS,2016,July,"30,590",319
MS,2016,August,"30,681",313
MS,2016,September,"30,644",327
MS,2016,October,"30,712",336
MS,2016,November,"30,844",334
MS,2016,December,"31,016",332
MS,2017,January,"30,972",329
MS,2017,February,"30,969",323
MS,2017,March,"31,002",327
MS,2017,April,"31,037",334
MS,2017,May,"30,992",329
MS,2017,June,"31,065",331
MS,2017,July,"31,121",327
MS,2017,August,"30,965",315
MS,2017,September,"31,032",318
MS,2017,October,"31,050",319
MS,2017,November,"31,162",330
MS,2017,December,"31,460",329
MS,2018,January,"32,029",322
MS,2018,January,"32,030",322
MS,2018,February,"32,072",335
MS,2018,February,"32,075",335
MS,2018,March,"31,968",319
MS,2018,March,"31,968",321
MS,2018,March,"31,972",319
MS,2018,March,"31,972",321
MS,2018,April,"32,051",304
MS,2018,April,"32,051",307
MS,2018,April,"32,056",304
MS,2018,April,"32,056",307
MS,2018,May,"31,931",302
MS,2018,May,"31,931",306
MS,2018,May,"31,937",302
MS,2018,May,"31,937",306
MS,2018,June,"31,958",294
MS,2018,June,"31,958",299
MS,2018,June,"31,966",294
MS,2018,June,"31,966",299
MS,2018,July,"31,897",288
MS,2018,July,"31,897",295
MS,2018,July,"31,912",288
MS,2018,July,"31,912",295
MT,2015,January,"9,502",121
MT,2015,February,"9,500",125
MT,2015,March,"9,476",129
MT,2015,April,"9,508",126
MT,2015,May,"9,609",135
MT,2015,June,"9,669",132
MT,2015,July,"9,716",128
MT,2015,August,"9,778",121
MT,2015,September,"9,754",125
MT,2015,October,"9,817",126
MT,2015,November,"9,779",128
MT,2015,December,"9,901",131
MT,2016,January,"9,832",126
MT,2016,February,"9,921",120
MT,2016,March,"9,939",125
MT,2016,April,"9,973",128
MT,2016,May,"9,938",123
MT,2016,June,"9,863",121
MT,2016,July,"9,913",127
MT,2016,August,"9,886",130
MT,2016,September,"9,863",123
MT,2016,October,"9,873",120
MT,2016,November,"9,904",120
MT,2016,December,"9,941",114
MT,2017,January,"10,052",119
MT,2017,February,"10,131",131
MT,2017,March,"10,229",128
MT,2017,April,"10,217",125
MT,2017,May,"10,237",127
MT,2017,June,"10,292",124
MT,2017,July,"10,277",119
MT,2017,August,"10,300",117
MT,2017,September,"10,278",119
MT,2017,October,"10,309",123
MT,2017,November,"10,335",115
MT,2017,December,"10,270",118
MT,2018,January,"10,176",114
MT,2018,February,"10,101",105
MT,2018,March,"10,028",99
MT,2018,April,"10,034",97
MT,2018,May,"9,923",97
MT,2018,June,"9,916",105
MT,2018,June,"9,916",107
MT,2018,July,"9,912",103
MT,2018,July,"9,912",105
NC,2015,January,"87,132","1,359"
NC,2015,February,"87,784","1,357"
NC,2015,March,"88,384","1,358"
NC,2015,April,"88,620","1,365"
NC,2015,May,"88,818","1,389"
NC,2015,June,"89,238","1,406"
NC,2015,July,"89,630","1,422"
NC,2015,August,"89,864","1,416"
NC,2015,September,"90,001","1,439"
NC,2015,October,"90,154","1,455"
NC,2015,November,"90,229","1,503"
NC,2015,December,"90,025","1,537"
NC,2016,January,"89,624","1,589"
NC,2016,February,"89,619","1,595"
NC,2016,March,"89,556","1,654"
NC,2016,April,"89,779","1,694"
NC,2016,May,"90,013","1,736"
NC,2016,June,"90,010","1,792"
NC,2016,July,"90,104","1,816"
NC,2016,August,"90,243","1,869"
NC,2016,September,"90,330","1,880"
NC,2016,October,"90,585","1,900"
NC,2016,November,"90,874","1,905"
NC,2016,December,"91,350","1,931"
NC,2017,January,"91,505","1,974"
NC,2017,February,"91,572","2,019"
NC,2017,March,"92,295","2,049"
NC,2017,April,"92,537","2,082"
NC,2017,May,"92,777","2,106"
NC,2017,June,"92,927","2,165"
NC,2017,July,"93,142","2,204"
NC,2017,August,"93,485","2,259"
NC,2017,September,"93,790","2,320"
NC,2017,October,"93,744","2,335"
NC,2017,November,"93,717","2,332"
NC,2017,December,"94,051","2,369"
NC,2018,January,"94,986","2,349"
NC,2018,January,"94,986","2,351"
NC,2018,February,"95,198","2,315"
NC,2018,February,"95,198","2,323"
NC,2018,March,"94,512","2,267"
NC,2018,March,"94,512","2,278"
NC,2018,March,"94,513","2,267"
NC,2018,March,"94,513","2,278"
NC,2018,April,"94,413","2,245"
NC,2018,April,"94,413","2,259"
NC,2018,April,"94,415","2,245"
NC,2018,April,"94,415","2,259"
NC,2018,May,"94,318","2,222"
NC,2018,May,"94,318","2,246"
NC,2018,May,"94,323","2,222"
NC,2018,May,"94,323","2,246"
NC,2018,June,"94,633","2,180"
NC,2018,June,"94,633","2,211"
NC,2018,June,"94,637","2,180"
NC,2018,June,"94,637","2,211"
NC,2018,July,"94,635","2,114"
NC,2018,July,"94,635","2,163"
UT,2018,April,"18,843",650
UT,2018,April,"18,848",650
ND,2015,January,"6,887",65
ND,2015,February,"6,914",65
ND,2015,March,"6,919",64
ND,2015,April,"6,955",61
ND,2015,May,"6,945",67
ND,2015,June,"6,988",71
ND,2015,July,"7,028",68
ND,2015,August,"7,020",70
ND,2015,September,"7,028",71
ND,2015,October,"6,977",68
ND,2015,November,"6,985",63
ND,2015,December,"6,876",66
ND,2016,January,"6,754",62
ND,2016,February,"6,730",59
ND,2016,March,"6,724",66
ND,2016,April,"6,679",73
ND,2016,May,"6,700",66
ND,2016,June,"6,714",65
ND,2016,July,"6,674",65
ND,2016,August,"6,642",68
ND,2016,September,"6,617",72
ND,2016,October,"6,706",73
ND,2016,November,"6,741",79
ND,2016,December,"6,806",80
ND,2017,January,"6,844",81
ND,2017,February,"6,886",84
ND,2017,March,"6,902",80
ND,2017,April,"6,970",78
ND,2017,May,"6,971",80
ND,2017,June,"6,971",81
ND,2017,July,"6,979",83
ND,2017,August,"7,041",81
ND,2017,September,"7,079",77
ND,2017,October,"7,047",75
ND,2017,November,"7,064",74
ND,2017,December,"7,088",76
ND,2018,January,"7,153",81
ND,2018,February,"7,140",78
ND,2018,March,"7,121",76
ND,2018,April,"7,080",77
ND,2018,May,"7,068",74
ND,2018,June,"7,042",70
ND,2018,July,"7,068",67
NE,2015,January,"16,421",121
NE,2015,February,"16,509",129
NE,2015,March,"16,621",131
NE,2015,April,"16,670",125
NE,2015,May,"16,725",129
NE,2015,June,"16,799",130
NE,2015,July,"16,933",132
NE,2015,August,"17,015",131
NE,2015,September,"17,022",135
NE,2015,October,"17,086",135
NE,2015,November,"17,034",126
NE,2015,December,"16,957",123
NE,2016,January,"16,726",122
NE,2016,February,"16,581",126
NE,2016,March,"16,408",125
NE,2016,April,"16,419",127
NE,2016,May,"16,382",123
NE,2016,June,"16,288",118
NE,2016,July,"16,202",118
NE,2016,August,"16,307",118
NE,2016,September,"16,251",113
NE,2016,October,"16,182",108
NE,2016,November,"16,289",114
NE,2016,December,"16,400",113
NE,2017,January,"16,669",114
NE,2017,February,"16,872",116
NE,2017,March,"16,953",110
NE,2017,April,"16,866",108
NE,2017,May,"16,904",113
NE,2017,June,"17,048",120
NE,2017,July,"17,129",121
NE,2017,August,"17,000",124
NE,2017,September,"17,032",131
NE,2017,October,"17,094",144
NE,2017,November,"17,099",154
NE,2017,December,"17,084",157
NE,2018,January,"17,026",152
NE,2018,February,"16,927",150
NE,2018,March,"17,026",163
NE,2018,April,"17,102",166
NE,2018,May,"17,081",165
NE,2018,June,"17,098",165
NE,2018,July,"17,082",166
NE,2018,July,"17,083",166
UT,2018,May,"18,886",662
UT,2018,May,"18,891",662
NH,2015,January,"11,342",350
NH,2015,February,"11,493",360
UT,2018,June,"18,909",659
UT,2018,June,"18,914",659
NH,2015,March,"11,545",367
NH,2015,April,"11,681",394
NH,2015,May,"11,690",402
NH,2015,June,"11,644",416
NH,2015,July,"11,755",424
NH,2015,August,"11,754",426
NH,2015,September,"11,775",449
NH,2015,October,"11,802",449
NH,2015,November,"11,736",444
NH,2015,December,"11,724",415
NH,2016,January,"11,617",417
NH,2016,February,"11,550",428
NH,2016,March,"11,567",435
NH,2016,April,"11,555",430
NH,2016,May,"11,524",439
NH,2016,June,"11,531",428
NH,2016,July,"11,562",441
NH,2016,August,"11,597",449
NH,2016,September,"11,632",446
NH,2016,October,"11,714",442
NH,2016,November,"11,738",443
NH,2016,December,"11,909",458
NH,2017,January,"11,958",458
NH,2017,February,"11,984",446
NH,2017,March,"12,049",439
NH,2017,April,"12,068",447
NH,2017,May,"12,100",446
NH,2017,June,"12,159",457
NH,2017,July,"12,180",463
NH,2017,August,"12,295",470
NH,2017,September,"12,299",470
NH,2017,October,"12,277",478
NH,2017,November,"12,313",472
NH,2017,December,"12,288",478
NH,2018,January,"12,355",473
NH,2018,February,"12,391",478
NH,2018,February,"12,393",478
NH,2018,March,"12,312",476
NH,2018,March,"12,314",476
NH,2018,April,"12,350",451
NH,2018,April,"12,352",451
NH,2018,May,"12,411",449
NH,2018,May,"12,413",449
NH,2018,June,"12,392",428
NH,2018,June,"12,395",428
NH,2018,July,"12,396",431
NH,2018,July,"12,396",432
NH,2018,July,"12,399",431
NH,2018,July,"12,399",432
UT,2018,July,"18,994",660
UT,2018,July,"18,994",662
UT,2018,July,"18,999",660
UT,2018,July,"18,999",662
NJ,2015,January,"70,998","1,210"
NJ,2015,February,"71,521","1,221"
NJ,2015,March,"71,756","1,226"
NJ,2015,April,"71,525","1,240"
NJ,2015,May,"71,394","1,277"
NJ,2015,June,"71,384","1,305"
NJ,2015,July,"71,495","1,336"
NJ,2015,August,"71,571","1,373"
NJ,2015,September,"71,636","1,411"
NJ,2015,October,"71,671","1,413"
NJ,2015,November,"71,524","1,414"
NJ,2015,December,"71,109","1,423"
NJ,2016,January,"70,318","1,433"
NJ,2016,February,"69,990","1,483"
NJ,2016,March,"69,997","1,538"
NJ,2016,April,"70,126","1,628"
NJ,2016,May,"70,157","1,637"
NJ,2016,June,"70,249","1,651"
NJ,2016,July,"70,297","1,695"
NJ,2016,August,"70,539","1,682"
NJ,2016,September,"70,684","1,692"
NJ,2016,October,"70,935","1,777"
NJ,2016,November,"71,423","1,868"
NJ,2016,December,"72,082","1,971"
NJ,2017,January,"72,707","2,082"
NJ,2017,February,"73,064","2,111"
NJ,2017,March,"73,272","2,189"
NJ,2017,April,"73,487","2,217"
NJ,2017,May,"73,744","2,305"
NJ,2017,June,"73,836","2,397"
NJ,2017,July,"73,912","2,416"
NJ,2017,August,"73,969","2,502"
NJ,2017,September,"74,165","2,600"
NJ,2017,October,"73,827","2,565"
NJ,2017,November,"73,722","2,581"
NJ,2017,December,"73,945","2,621"
NJ,2018,January,"74,234","2,601"
NJ,2018,January,"74,235","2,601"
NJ,2018,February,"74,281","2,606"
NJ,2018,February,"74,283","2,606"
NJ,2018,March,"74,208","2,600"
NJ,2018,March,"74,212","2,600"
NJ,2018,April,"74,130","2,592"
NJ,2018,April,"74,134","2,592"
NJ,2018,May,"73,929","2,606"
NJ,2018,May,"73,929","2,608"
NJ,2018,May,"73,942","2,606"
NJ,2018,May,"73,942","2,608"
NJ,2018,June,"74,018","2,618"
NJ,2018,June,"74,018","2,621"
NJ,2018,June,"74,033","2,618"
NJ,2018,June,"74,033","2,621"
NJ,2018,July,"74,286","2,646"
NJ,2018,July,"74,286","2,654"
NJ,2018,July,"74,309","2,646"
NJ,2018,July,"74,309","2,654"
NM,2015,January,"17,051",548
NM,2015,February,"17,019",546
NM,2015,March,"17,080",544
NM,2015,April,"17,123",536
NM,2015,May,"17,012",523
NM,2015,June,"17,045",519
NM,2015,July,"16,991",520
NM,2015,August,"17,087",518
NM,2015,September,"17,113",513
NM,2015,October,"17,073",518
NM,2015,November,"17,110",510
NM,2015,December,"17,062",496
NM,2016,January,"16,987",473
NM,2016,February,"17,140",485
NM,2016,March,"17,301",498
NM,2016,April,"17,421",497
NM,2016,May,"17,557",497
NM,2016,June,"17,533",491
NM,2016,July,"17,593",497
NM,2016,August,"17,651",495
NM,2016,September,"17,636",491
NM,2016,October,"17,701",478
NM,2016,November,"17,672",485
NM,2016,December,"17,768",494
NM,2017,January,"17,805",506
NM,2017,February,"17,857",494
NM,2017,March,"17,778",495
AK,2018,August,"4,382",110
AL,2018,August,"53,469",738
AR,2018,August,"31,996",449
AZ,2018,August,"60,289","1,669"
UT,2017,May,"18,409",612
CA,2018,August,"272,489","5,001"
CO,2018,August,"39,281","1,025"
UT,2017,June,"18,401",614
CT,2018,August,"31,591","1,045"
UT,2017,July,"18,333",620
DC,2018,August,"6,211",287
VT,2018,August,"5,784",136
DE,2018,August,"9,520",381
FL,2018,August,"209,175","5,043"
GA,2018,August,"85,516","1,440"
HI,2018,August,"11,634",217
IA,2018,August,"30,288",292
ID,2018,August,"14,119",240
IL,2018,August,"107,609","2,838"
UT,2017,August,"18,360",615
IN,2018,August,"66,213","1,660"
KS,2018,August,"26,467",354
KY,2018,August,"48,150","1,369"
LA,2018,August,"46,688","1,199"
MA,2018,August,"59,738","2,294"
MD,2018,August,"50,035","2,431"
UT,2017,September,"18,490",617
ME,2018,August,"14,474",401
MI,2018,August,"97,427","2,636"
MN,2018,August,"44,761",667
MO,2018,August,"65,508","1,563"
MS,2018,August,"31,987",307
MT,2018,August,"9,908",108
NC,2018,August,"94,602","2,080"
ND,2018,August,"7,027",64
NE,2018,August,"17,172",158
NH,2018,August,"12,349",425
NJ,2018,August,"74,442","2,690"
UT,2017,October,"18,618",612
NM,2017,April,"17,789",505
NM,2017,May,"17,875",511
NM,2017,June,"17,918",507
NM,2017,July,"17,911",515
NM,2017,August,"17,866",505
NM,2017,September,"17,922",501
NM,2017,October,"17,967",507
NM,2017,November,"18,008",496
NM,2017,December,"18,060",494
NM,2018,August,"18,238",502
UT,2017,November,"18,748",626
NV,2015,January,"22,619",578
NV,2015,February,"22,628",576
NV,2015,March,"22,791",579
NV,2015,April,"22,926",584
NV,2015,May,"23,034",598
NV,2015,June,"23,228",619
NV,2015,July,"23,255",616
NV,2015,August,"23,350",632
NV,2015,September,"23,360",633
NV,2015,October,"23,392",628
NV,2015,November,"23,506",634
NV,2015,December,"23,647",665
NV,2016,January,"23,572",669
NV,2016,February,"23,876",685
NV,2016,March,"23,961",689
NV,2016,April,"24,140",683
NV,2016,May,"24,131",679
NV,2016,June,"24,153",691
NV,2016,July,"24,268",723
NV,2016,August,"24,451",732
NV,2016,September,"24,602",731
NV,2016,October,"24,669",739
NV,2016,November,"24,589",729
NV,2016,December,"24,692",707
NV,2017,January,"25,004",705
NV,2017,February,"24,909",698
NV,2017,March,"24,949",707
NV,2017,April,"24,992",713
NV,2017,May,"25,225",728
NV,2017,June,"25,386",736
NV,2017,July,"25,463",736
NV,2017,August,"25,298",736
NV,2017,September,"25,299",736
NV,2017,October,"25,433",749
NV,2017,November,"25,563",748
NV,2017,December,"25,689",756
NV,2018,January,"25,796",758
NV,2018,January,"25,795",758
NV,2018,February,"25,772",761
NV,2018,February,"25,772",759
NV,2018,February,"25,771",761
NV,2018,February,"25,771",759
NV,2018,March,"25,794",746
NV,2018,March,"25,794",743
NV,2018,March,"25,793",746
NV,2018,March,"25,793",743
NV,2018,April,"25,772",750
NV,2018,April,"25,772",742
NV,2018,April,"25,771",750
NV,2018,April,"25,771",742
NV,2018,May,"25,698",726
NV,2018,May,"25,698",716
NV,2018,May,"25,697",726
NV,2018,May,"25,697",716
NV,2018,June,"25,715",717
NV,2018,June,"25,715",702
NV,2018,June,"25,714",717
NV,2018,June,"25,714",702
NV,2018,July,"25,767",728
NV,2018,July,"25,767",709
NV,2018,July,"25,766",728
NV,2018,July,"25,766",709
NV,2018,August,"25,878",733
UT,2017,December,"18,676",645
NY,2015,January,"96,525","1,510"
NY,2015,February,"97,079","1,519"
NY,2015,March,"97,885","1,535"
NY,2015,April,"98,250","1,597"
NY,2015,May,"98,620","1,622"
NY,2015,June,"98,695","1,659"
NY,2015,July,"98,964","1,694"
NY,2015,August,"99,184","1,733"
NY,2015,September,"99,349","1,764"
NY,2015,October,"99,526","1,766"
NY,2015,November,"99,173","1,789"
NY,2015,December,"98,476","1,802"
NY,2016,January,"97,781","1,840"
NY,2016,February,"97,445","1,915"
NY,2016,March,"97,131","1,978"
NY,2016,April,"97,051","2,004"
NY,2016,May,"96,971","2,023"
NY,2016,June,"97,038","2,056"
NY,2016,July,"97,055","2,084"
NY,2016,August,"97,223","2,123"
NY,2016,September,"97,410","2,147"
NY,2016,October,"97,512","2,183"
NY,2016,November,"98,048","2,219"
NY,2016,December,"98,766","2,248"
NY,2017,January,"99,099","2,289"
NY,2017,February,"99,210","2,289"
NY,2017,March,"99,308","2,331"
NY,2017,April,"99,275","2,333"
NY,2017,May,"99,358","2,396"
NY,2017,June,"99,706","2,437"
NY,2017,July,"99,677","2,459"
NY,2017,August,"99,672","2,467"
NY,2017,September,"99,699","2,511"
NY,2017,October,"99,369","2,490"
NY,2017,November,"99,428","2,446"
NY,2017,December,"99,799","2,444"
NY,2018,January,"100,553","2,447"
NY,2018,January,"100,553","2,445"
NY,2018,January,"100,551","2,447"
NY,2018,January,"100,551","2,445"
NY,2018,February,"100,769","2,405"
NY,2018,February,"100,769","2,403"
NY,2018,February,"100,757","2,405"
NY,2018,February,"100,757","2,403"
NY,2018,March,"100,744","2,321"
NY,2018,March,"100,744","2,317"
NY,2018,March,"100,725","2,321"
NY,2018,March,"100,725","2,317"
NY,2018,April,"100,828","2,289"
NY,2018,April,"100,828","2,281"
NY,2018,April,"100,804","2,289"
NY,2018,April,"100,804","2,281"
NY,2018,May,"100,605","2,229"
NY,2018,May,"100,605","2,217"
NY,2018,May,"100,566","2,229"
NY,2018,May,"100,566","2,217"
NY,2018,June,"100,529","2,199"
NY,2018,June,"100,529","2,177"
NY,2018,June,"100,482","2,199"
NY,2018,June,"100,482","2,177"
NY,2018,July,"100,754","2,177"
NY,2018,July,"100,754","2,145"
NY,2018,July,"100,707","2,177"
NY,2018,July,"100,707","2,145"
NY,2018,August,"100,859","2,151"
OH,2015,January,"115,935","2,829"
OH,2015,February,"116,546","2,828"
OH,2015,March,"116,925","2,843"
OH,2015,April,"117,559","2,955"
OH,2015,May,"117,995","3,054"
OH,2015,June,"118,270","3,051"
OH,2015,July,"118,593","3,128"
OH,2015,August,"118,888","3,153"
OH,2015,September,"119,011","3,196"
OH,2015,October,"119,346","3,222"
OH,2015,November,"119,284","3,298"
OH,2015,December,"118,113","3,336"
OH,2016,January,"117,030","3,398"
OH,2016,February,"117,069","3,452"
OH,2016,March,"117,453","3,542"
OH,2016,April,"117,570","3,575"
OH,2016,May,"117,613","3,606"
OH,2016,June,"117,748","3,652"
OH,2016,July,"117,836","3,763"
OH,2016,August,"117,988","3,857"
OH,2016,September,"118,330","4,000"
OH,2016,October,"118,500","4,121"
OH,2016,November,"118,749","4,211"
OH,2016,December,"119,618","4,326"
OH,2017,January,"120,603","4,502"
OH,2017,February,"121,163","4,710"
OH,2017,March,"121,681","4,788"
OH,2017,April,"121,843","4,974"
OH,2017,May,"122,145","5,144"
OH,2017,June,"122,468","5,293"
OH,2017,July,"122,639","5,290"
OH,2017,August,"122,883","5,262"
OH,2017,September,"123,096","5,258"
OH,2017,October,"123,047","5,225"
OH,2017,November,"123,334","5,210"
OH,2017,December,"123,886","5,138"
OH,2018,January,"124,952","4,934"
OH,2018,February,"124,749","4,741"
OH,2018,February,"124,746","4,741"
OH,2018,March,"124,157","4,637"
OH,2018,March,"124,157","4,636"
OH,2018,March,"124,154","4,637"
OH,2018,March,"124,154","4,636"
OH,2018,April,"124,359","4,419"
OH,2018,April,"124,359","4,418"
OH,2018,April,"124,356","4,419"
OH,2018,April,"124,356","4,418"
OH,2018,May,"124,516","4,274"
OH,2018,May,"124,516","4,271"
OH,2018,May,"124,511","4,274"
OH,2018,May,"124,511","4,271"
OH,2018,June,"124,540","4,150"
OH,2018,June,"124,540","4,146"
OH,2018,June,"124,535","4,150"
OH,2018,June,"124,535","4,146"
OH,2018,July,"124,607","4,121"
OH,2018,July,"124,607","4,116"
OH,2018,July,"124,602","4,121"
OH,2018,July,"124,602","4,116"
OH,2018,August,"124,592","4,138"
OK,2015,January,"37,788",794
OK,2015,February,"37,978",773
OK,2015,March,"38,043",771
OK,2015,April,"38,006",766
OK,2015,May,"37,987",752
OK,2015,June,"38,139",738
OK,2015,July,"38,193",733
OK,2015,August,"38,289",727
OK,2015,September,"38,243",718
OK,2015,October,"38,260",723
OK,2015,November,"38,278",727
OK,2015,December,"38,321",722
OK,2016,January,"38,029",696
OK,2016,February,"37,936",710
OK,2016,March,"37,812",698
OK,2016,April,"37,844",712
OK,2016,May,"38,008",734
OK,2016,June,"37,839",727
OK,2016,July,"37,797",752
OK,2016,August,"37,894",768
OK,2016,September,"38,045",761
OK,2016,October,"38,045",776
OK,2016,November,"38,040",776
OK,2016,December,"38,170",803
OK,2017,January,"38,344",830
OK,2017,February,"38,517",833
OK,2017,March,"38,616",844
OK,2017,April,"38,742",847
OK,2017,May,"38,683",828
OK,2017,June,"38,868",848
OK,2017,July,"38,995",847
OK,2017,August,"39,000",817
OK,2017,September,"39,064",821
OK,2017,October,"39,131",791
OK,2017,November,"39,286",791
OK,2017,December,"39,318",770
OK,2018,January,"39,833",757
OK,2018,January,"39,831",757
OK,2018,February,"39,967",732
OK,2018,February,"39,965",732
OK,2018,March,"39,904",724
OK,2018,March,"39,902",724
OK,2018,April,"39,953",714
OK,2018,April,"39,950",714
OK,2018,May,"40,061",731
OK,2018,May,"40,061",730
OK,2018,May,"40,057",731
OK,2018,May,"40,057",730
OK,2018,June,"40,101",720
OK,2018,June,"40,101",719
OK,2018,June,"40,097",720
OK,2018,June,"40,097",719
OK,2018,August,"40,018",707
OR,2015,January,"34,412",520
OR,2015,February,"34,646",519
OR,2015,March,"34,773",515
OR,2015,April,"34,918",517
OR,2015,May,"35,158",501
OR,2015,June,"35,356",506
OR,2015,July,"35,470",502
OR,2015,August,"35,486",515
OR,2015,September,"35,565",523
OR,2015,October,"35,484",510
OR,2015,November,"35,629",504
OR,2015,December,"35,732",497
OR,2016,January,"35,523",491
OR,2016,February,"35,453",495
OR,2016,March,"35,596",503
OR,2016,April,"35,581",510
OR,2016,May,"35,469",525
OR,2016,June,"35,399",521
OR,2016,July,"35,468",511
OR,2016,August,"35,574",495
OR,2016,September,"35,547",488
OR,2016,October,"35,688",483
OR,2016,November,"35,668",484
OR,2016,December,"35,918",496
OR,2017,January,"36,545",504
OR,2017,February,"36,696",512
OR,2017,March,"36,636",504
OR,2017,April,"36,705",507
OR,2017,May,"36,825",501
OR,2017,June,"36,852",494
OR,2017,July,"36,882",504
OR,2017,August,"36,906",517
OR,2017,September,"36,845",529
OR,2017,October,"36,941",546
OR,2017,November,"36,857",547
OR,2017,December,"36,695",534
OR,2018,January,"36,414",544
OR,2018,August,"36,160",562
PA,2015,January,"131,628","2,788"
PA,2015,February,"132,673","2,815"
PA,2015,March,"133,628","2,836"
PA,2015,April,"134,004","2,862"
PA,2015,May,"134,018","2,878"
PA,2015,June,"134,081","2,964"
PA,2015,July,"134,020","3,012"
PA,2015,August,"134,230","3,075"
PA,2015,September,"134,427","3,131"
PA,2015,October,"134,598","3,203"
PA,2015,November,"134,286","3,250"
PA,2015,December,"133,734","3,263"
PA,2016,January,"132,350","3,269"
PA,2016,February,"131,948","3,414"
PA,2016,March,"131,584","3,526"
PA,2016,April,"131,585","3,601"
PA,2016,May,"131,231","3,632"
PA,2016,June,"131,297","3,657"
PA,2016,July,"131,526","3,797"
PA,2016,August,"131,999","3,890"
PA,2016,September,"132,286","4,030"
PA,2016,October,"132,591","4,158"
PA,2016,November,"133,350","4,358"
PA,2016,December,"134,523","4,648"
PA,2017,January,"135,315","4,875"
PA,2017,February,"135,703","4,960"
PA,2017,March,"136,252","5,107"
PA,2017,April,"136,404","5,220"
PA,2017,May,"136,818","5,386"
PA,2017,June,"137,317","5,508"
PA,2017,July,"137,299","5,573"
PA,2017,August,"137,294","5,695"
PA,2017,September,"137,438","5,697"
PA,2017,October,"137,236","5,642"
PA,2017,November,"136,963","5,586"
PA,2017,December,"136,986","5,434"
PA,2018,January,"137,475","5,301"
PA,2018,January,"137,475","5,299"
PA,2018,February,"137,409","5,130"
PA,2018,February,"137,409","5,127"
PA,2018,February,"137,407","5,130"
PA,2018,February,"137,407","5,127"
PA,2018,March,"136,979","4,971"
PA,2018,March,"136,979","4,968"
PA,2018,March,"136,977","4,971"
PA,2018,March,"136,977","4,968"
PA,2018,April,"137,105","4,891"
PA,2018,April,"137,105","4,888"
PA,2018,April,"137,102","4,891"
PA,2018,April,"137,102","4,888"
PA,2018,May,"136,871","4,804"
PA,2018,May,"136,871","4,801"
PA,2018,May,"136,867","4,804"
PA,2018,May,"136,867","4,801"
PA,2018,June,"136,745","4,755"
PA,2018,June,"136,745","4,761"
PA,2018,June,"136,740","4,755"
PA,2018,June,"136,740","4,761"
PA,2018,July,"136,773","4,686"
PA,2018,July,"136,773","4,693"
PA,2018,July,"136,768","4,686"
PA,2018,July,"136,768","4,693"
PA,2018,August,"136,670","4,572"
UT,2018,August,"19,045",665
RI,2015,January,"10,111",250
RI,2015,February,"10,206",254
RI,2015,March,"10,268",262
RI,2015,April,"10,249",267
RI,2015,May,"10,238",282
RI,2015,June,"10,286",296
RI,2015,July,"10,365",308
RI,2015,August,"10,369",308
RI,2015,September,"10,414",326
RI,2015,October,"10,476",322
RI,2015,November,"10,496",323
RI,2015,December,"10,388",319
RI,2016,January,"10,273",320
RI,2016,February,"10,251",322
RI,2016,March,"10,173",322
RI,2016,April,"10,159",328
RI,2016,May,"10,131",329
RI,2016,June,"10,072",338
RI,2016,July,"9,973",333
RI,2016,August,"9,997",337
RI,2016,September,"9,985",329
RI,2016,October,"9,950",330
RI,2016,November,"9,940",344
RI,2016,December,"10,023",346
RI,2017,January,"10,075",350
RI,2017,February,"10,107",340
RI,2017,March,"10,187",346
RI,2017,April,"10,226",339
RI,2017,May,"10,258",324
RI,2017,June,"10,333",320
RI,2017,July,"10,374",321
RI,2017,August,"10,345",326
RI,2017,September,"10,391",330
RI,2017,October,"10,351",332
RI,2017,November,"10,379",326
RI,2017,December,"10,444",332
RI,2018,January,"10,506",321
RI,2018,January,"10,507",321
RI,2018,February,"10,412",316
RI,2018,February,"10,413",316
RI,2018,March,"10,301",306
RI,2018,March,"10,302",306
RI,2018,April,"10,334",310
RI,2018,April,"10,335",310
RI,2018,May,"10,365",318
RI,2018,June,"10,356",301
RI,2018,July,"10,378",288
RI,2018,August,"10,417",281
SC,2015,January,"44,886",692
SC,2015,February,"45,264",699
SC,2015,March,"45,668",710
SC,2015,April,"45,723",709
SC,2015,May,"45,843",726
SC,2015,June,"45,965",730
SC,2015,July,"46,062",726
SC,2015,August,"46,168",744
SC,2015,September,"46,260",735
SC,2015,October,"46,453",747
SC,2015,November,"46,445",738
SC,2015,December,"46,352",736
SC,2016,January,"46,122",730
SC,2016,February,"46,280",722
SC,2016,March,"46,143",733
SC,2016,April,"46,278",771
SC,2016,May,"46,263",775
SC,2016,June,"46,325",804
SC,2016,July,"46,533",822
SC,2016,August,"46,492",822
SC,2016,September,"46,859",831
SC,2016,October,"46,738",846
SC,2016,November,"46,945",842
SC,2016,December,"47,123",871
SC,2017,January,"47,188",903
SC,2017,February,"46,912",934
SC,2017,March,"47,150",924
SC,2017,April,"47,315",934
SC,2017,May,"47,492",964
SC,2017,June,"47,720",978
SC,2017,July,"47,792",981
SC,2017,August,"48,017",999
SC,2017,September,"47,975","1,020"
SC,2017,October,"48,186","1,012"
SC,2017,November,"48,224","1,028"
SC,2017,December,"48,418","1,001"
SC,2018,January,"49,046",990
SC,2018,January,"49,044",990
SC,2018,February,"49,341",974
SC,2018,February,"49,341",977
SC,2018,February,"49,339",974
SC,2018,February,"49,339",977
SC,2018,March,"49,372","1,003"
SC,2018,March,"49,372","1,006"
SC,2018,March,"49,370","1,003"
SC,2018,March,"49,370","1,006"
SC,2018,April,"49,329","1,035"
SC,2018,April,"49,329","1,038"
SC,2018,April,"49,327","1,035"
SC,2018,April,"49,327","1,038"
SC,2018,May,"49,398","1,023"
SC,2018,May,"49,398","1,026"
SC,2018,May,"49,394","1,023"
SC,2018,May,"49,394","1,026"
SC,2018,June,"49,273","1,012"
SC,2018,June,"49,273","1,015"
SC,2018,June,"49,269","1,012"
SC,2018,June,"49,269","1,015"
SC,2018,July,"49,285","1,022"
SC,2018,July,"49,285","1,025"
SC,2018,July,"49,281","1,022"
SC,2018,July,"49,281","1,025"
SC,2018,August,"49,378","1,009"
SD,2015,January,"7,700",60
SD,2015,February,"7,684",59
SD,2015,March,"7,720",61
SD,2015,April,"7,742",57
SD,2015,May,"7,758",55
SD,2015,June,"7,851",59
SD,2015,July,"7,899",66
SD,2015,August,"7,891",64
SD,2015,September,"7,950",62
SD,2015,October,"7,943",62
SD,2015,November,"7,915",60
SD,2015,December,"7,894",62
SD,2016,January,"7,793",63
SD,2016,February,"7,812",65
SD,2016,March,"7,799",66
SD,2016,April,"7,847",70
SD,2016,May,"7,862",70
SD,2016,June,"7,856",68
SD,2016,July,"7,843",63
SD,2016,August,"7,869",65
SD,2016,September,"7,808",70
SD,2016,October,"7,824",69
SD,2016,November,"7,904",71
SD,2016,December,"7,945",69
SD,2017,January,"8,046",75
SD,2017,February,"8,136",74
SD,2017,March,"8,192",70
SD,2017,April,"8,157",70
SD,2017,May,"8,170",75
SD,2017,June,"8,188",75
SD,2017,July,"8,153",75
SD,2017,August,"8,155",76
SD,2017,September,"8,154",75
SD,2017,October,"8,207",75
SD,2017,November,"8,203",76
SD,2017,December,"8,140",75
SD,2018,January,"8,127",69
SD,2018,February,"8,070",64
SD,2018,March,"8,036",67
SD,2018,April,"8,015",63
SD,2018,May,"8,010",60
SD,2018,June,"8,019",61
SD,2018,July,"8,088",61
SD,2018,August,"8,073",57
TN,2015,January,"68,744","1,296"
TN,2015,February,"69,161","1,278"
TN,2015,March,"69,559","1,311"
TN,2015,April,"69,550","1,302"
TN,2015,May,"69,611","1,331"
TN,2015,June,"69,812","1,349"
TN,2015,July,"70,091","1,375"
TN,2015,August,"70,246","1,388"
TN,2015,September,"70,350","1,412"
TN,2015,October,"70,607","1,440"
TN,2015,November,"70,639","1,430"
TN,2015,December,"70,237","1,455"
TN,2016,January,"69,729","1,488"
TN,2016,February,"69,746","1,515"
TN,2016,March,"69,856","1,502"
TN,2016,April,"70,136","1,510"
TN,2016,May,"70,208","1,525"
TN,2016,June,"70,390","1,515"
TN,2016,July,"70,501","1,552"
TN,2016,August,"70,716","1,579"
TN,2016,September,"70,720","1,585"
TN,2016,October,"70,978","1,589"
TN,2016,November,"71,016","1,629"
TN,2016,December,"71,506","1,643"
TN,2017,January,"71,835","1,643"
TN,2017,February,"71,921","1,652"
TN,2017,March,"72,285","1,691"
TN,2017,April,"72,491","1,724"
TN,2017,May,"72,562","1,737"
TN,2017,June,"72,564","1,758"
TN,2017,July,"72,803","1,745"
TN,2017,August,"72,760","1,736"
TN,2017,September,"73,109","1,764"
TN,2017,October,"73,144","1,768"
TN,2017,November,"73,388","1,760"
TN,2017,December,"73,694","1,783"
TN,2018,January,"74,565","1,761"
TN,2018,January,"74,565","1,760"
TN,2018,January,"74,559","1,761"
TN,2018,January,"74,559","1,760"
TN,2018,February,"74,829","1,785"
TN,2018,February,"74,829","1,784"
TN,2018,February,"74,819","1,785"
TN,2018,February,"74,819","1,784"
TN,2018,March,"74,512","1,778"
TN,2018,March,"74,512","1,774"
TN,2018,March,"74,499","1,778"
TN,2018,March,"74,499","1,774"
TN,2018,April,"74,466","1,773"
TN,2018,April,"74,466","1,769"
TN,2018,April,"74,450","1,773"
TN,2018,April,"74,450","1,769"
TN,2018,August,"75,031","1,781"
TX,2015,January,"187,532","2,577"
TX,2015,February,"188,094","2,520"
TX,2015,March,"188,941","2,544"
TX,2015,April,"189,620","2,533"
TX,2015,May,"190,366","2,539"
TX,2015,June,"190,805","2,517"
TX,2015,July,"191,726","2,564"
TX,2015,August,"192,231","2,590"
TX,2015,September,"192,514","2,615"
TX,2015,October,"192,890","2,625"
TX,2015,November,"192,655","2,591"
TX,2015,December,"192,423","2,579"
TX,2016,January,"190,544","2,593"
TX,2016,February,"191,128","2,645"
TX,2016,March,"190,919","2,645"
TX,2016,April,"191,242","2,685"
TX,2016,May,"191,348","2,697"
TX,2016,June,"191,872","2,724"
TX,2016,July,"192,225","2,731"
TX,2016,August,"192,780","2,741"
TX,2016,September,"193,407","2,762"
TX,2016,October,"193,951","2,749"
TX,2016,November,"194,403","2,773"
TX,2016,December,"194,843","2,812"
TX,2017,January,"195,740","2,810"
TX,2017,February,"195,999","2,813"
TX,2017,March,"196,668","2,814"
TX,2017,April,"196,770","2,797"
TX,2017,May,"197,098","2,830"
TX,2017,June,"197,112","2,840"
TX,2017,July,"197,084","2,878"
TX,2017,August,"197,234","2,855"
TX,2017,September,"197,641","2,868"
TX,2017,October,"198,519","2,879"
TX,2017,November,"199,279","2,928"
TX,2017,December,"200,830","2,950"
TX,2018,January,"204,493","2,966"
TX,2018,January,"204,492","2,966"
TX,2018,February,"205,167","2,979"
TX,2018,February,"205,165","2,979"
TX,2018,March,"204,986","2,964"
TX,2018,March,"204,983","2,964"
TX,2018,April,"205,195","2,974"
TX,2018,April,"205,191","2,974"
TX,2018,May,"205,143","2,944"
TX,2018,May,"205,138","2,944"
TX,2018,June,"205,389","2,972"
TX,2018,June,"205,383","2,972"
TX,2018,July,"205,653","2,937"
TX,2018,July,"205,653","2,936"
TX,2018,July,"205,645","2,937"
TX,2018,July,"205,645","2,936"
TX,2018,August,"205,987","2,977"
US,2015,January,"2,653,334","47,523"
US,2015,February,"2,668,442","47,725"
US,2015,March,"2,682,744","48,198"
US,2015,April,"2,691,628","48,748"
US,2015,May,"2,698,421","49,293"
US,2015,June,"2,704,994","49,691"
US,2015,July,"2,712,688","50,301"
US,2015,August,"2,719,206","50,834"
US,2015,September,"2,723,893","51,575"
US,2015,October,"2,729,315","52,114"
US,2015,November,"2,727,809","52,386"
US,2015,December,"2,718,198","52,623"
US,2016,January,"2,698,635","52,902"
US,2016,February,"2,701,647","53,834"
US,2016,March,"2,703,203","54,781"
US,2016,April,"2,705,990","55,763"
US,2016,May,"2,706,928","56,465"
US,2016,June,"2,708,788","57,428"
US,2016,July,"2,711,484","58,525"
US,2016,August,"2,716,965","59,417"
US,2016,September,"2,721,441","60,147"
US,2016,October,"2,726,854","61,062"
US,2016,November,"2,734,397","62,340"
US,2016,December,"2,749,864","63,938"
US,2017,January,"2,766,974","65,571"
US,2017,February,"2,770,741","66,189"
US,2017,March,"2,778,264","66,858"
US,2017,April,"2,782,927","67,493"
US,2017,May,"2,788,083","68,370"
US,2017,June,"2,794,038","69,153"
US,2017,July,"2,796,333","69,504"
US,2017,August,"2,798,375","69,988"
US,2017,September,"2,804,356","70,599"
US,2017,October,"2,806,663","70,690"
US,2017,November,"2,810,357","70,723"
US,2017,December,"2,820,034","70,699"
US,2018,January,"2,844,162","70,066"
US,2018,January,"2,844,162","70,040"
US,2018,January,"2,844,126","70,066"
US,2018,January,"2,844,126","70,040"
US,2018,February,"2,847,506","69,612"
US,2018,February,"2,847,506","69,567"
US,2018,February,"2,847,427","69,612"
US,2018,February,"2,847,427","69,567"
US,2018,March,"2,844,680","69,101"
US,2018,March,"2,844,680","69,031"
US,2018,March,"2,844,569","69,101"
US,2018,March,"2,844,569","69,031"
US,2018,August,"2,851,884","67,360"
UT,2015,January,"17,303",619
UT,2015,February,"17,431",606
UT,2015,March,"17,543",606
UT,2015,April,"17,578",614
UT,2015,May,"17,660",599
UT,2015,June,"17,739",603
UT,2015,July,"17,792",596
UT,2015,August,"17,861",607
UT,2015,September,"17,834",622
UT,2015,October,"17,898",655
UT,2015,November,"17,881",657
VA,2018,January,"68,224","1,437"
VA,2018,February,"68,298","1,408"
VA,2018,March,"68,037","1,411"
VA,2018,March,"68,038","1,411"
VA,2018,April,"68,014","1,410"
VA,2018,April,"68,015","1,410"
VA,2018,May,"67,853","1,402"
VA,2018,May,"67,856","1,402"
UT,2015,December,"17,845",649
UT,2016,January,"17,813",672
UT,2016,February,"17,940",689
UT,2016,March,"18,065",710
UT,2016,April,"18,171",707
UT,2016,May,"18,259",716
UT,2016,June,"18,315",714
UT,2016,July,"18,426",715
UT,2016,August,"18,480",717
UT,2016,September,"18,531",694
UT,2016,October,"18,457",682
UT,2016,November,"18,389",667
UT,2016,December,"18,498",650
UT,2017,January,"18,572",641
UT,2017,February,"18,505",643
UT,2017,March,"18,482",621
UT,2017,April,"18,455",619
VA,2015,January,"63,414",959
VA,2015,February,"63,896",980
VA,2015,March,"64,114",968
VA,2015,April,"64,331",966
VA,2015,May,"64,403",973
VA,2015,June,"64,455",984
VA,2015,July,"64,525",976
VA,2015,August,"64,848",994
VA,2015,September,"65,030","1,009"
VA,2015,October,"65,166","1,016"
VA,2015,November,"65,089",992
VA,2015,December,"64,760","1,002"
VA,2016,January,"64,036","1,006"
VA,2016,February,"63,994","1,051"
VA,2016,March,"64,135","1,107"
VA,2016,April,"64,102","1,131"
VA,2016,May,"64,400","1,160"
VA,2016,June,"64,560","1,186"
VA,2016,July,"64,782","1,214"
VA,2016,August,"64,813","1,229"
VA,2016,September,"64,726","1,260"
VA,2016,October,"64,975","1,287"
VA,2016,November,"65,204","1,340"
VA,2016,December,"65,580","1,356"
VA,2017,January,"65,965","1,392"
VA,2017,February,"66,107","1,403"
VA,2017,March,"66,446","1,394"
VA,2017,April,"66,754","1,407"
VA,2017,May,"66,775","1,415"
VA,2017,June,"66,968","1,428"
VA,2017,July,"66,944","1,440"
VA,2017,August,"67,019","1,453"
VA,2017,September,"67,367","1,438"
VA,2017,October,"67,361","1,422"
VA,2017,November,"67,392","1,423"
VA,2017,December,"67,731","1,455"
VA,2018,June,"67,801","1,388"
VA,2018,June,"67,804","1,388"
VA,2018,July,"67,943","1,386"
VA,2018,July,"67,943","1,387"
VA,2018,July,"67,947","1,386"
VA,2018,July,"67,947","1,387"
VT,2015,January,"5,573",76
VT,2015,February,"5,639",77
VT,2015,March,"5,683",82
VT,2015,April,"5,776",85
VT,2015,May,"5,799",91
VT,2015,June,"5,819",94
VT,2015,July,"5,816",95
VT,2015,August,"5,793",100
VT,2015,September,"5,748",100
VT,2015,October,"5,711",96
VT,2015,November,"5,737",99
VT,2015,December,"5,770",99
VT,2016,January,"5,734",100
VT,2016,February,"5,710",105
VT,2016,March,"5,729",104
VT,2016,April,"5,666",107
VT,2016,May,"5,671",104
VT,2016,June,"5,670",107
VT,2016,July,"5,715",110
VT,2016,August,"5,728",115
VT,2016,September,"5,754",118
VT,2016,October,"5,775",129
VT,2016,November,"5,749",128
VT,2016,December,"5,787",136
VT,2017,January,"5,821",137
VT,2017,February,"5,799",139
VT,2017,March,"5,792",143
VT,2017,April,"5,838",143
VT,2017,May,"5,815",141
VT,2017,June,"5,811",138
VT,2017,July,"5,781",141
VT,2017,August,"5,780",132
VT,2017,September,"5,774",130
VT,2017,October,"5,763",126
VT,2017,November,"5,779",135
VT,2017,December,"5,775",128
VT,2018,January,"5,815",129
VT,2018,February,"5,844",127
VT,2018,March,"5,813",126
VT,2018,April,"5,790",123
VT,2018,May,"5,766",135
VT,2018,May,"5,766",134
VT,2018,June,"5,785",135
VT,2018,June,"5,785",134
VT,2018,July,"5,781",138
VT,2018,July,"5,781",137
WA,2015,January,"52,487",996
WA,2015,February,"52,591","1,000"
WA,2015,March,"52,850","1,018"
WA,2015,April,"53,014","1,017"
WA,2015,May,"53,397","1,020"
WA,2015,June,"53,657","1,050"
WA,2015,July,"53,954","1,068"
WA,2015,August,"54,015","1,066"
WA,2015,September,"54,328","1,090"
WA,2015,October,"54,453","1,099"
WA,2015,November,"54,460","1,110"
WA,2015,December,"54,629","1,109"
WA,2016,January,"54,442","1,134"
WA,2016,February,"54,675","1,139"
WA,2016,March,"54,741","1,137"
WA,2016,April,"54,840","1,165"
WA,2016,May,"54,753","1,163"
WA,2016,June,"54,715","1,162"
WA,2016,July,"54,657","1,177"
WA,2016,August,"54,630","1,183"
WA,2016,September,"54,583","1,171"
WA,2016,October,"54,690","1,155"
WA,2016,November,"54,609","1,127"
WA,2016,December,"54,767","1,117"
WA,2017,January,"55,778","1,105"
WA,2017,February,"56,091","1,108"
WA,2017,March,"56,124","1,120"
WA,2017,April,"56,114","1,097"
WA,2017,May,"56,195","1,093"
WA,2017,June,"56,115","1,068"
WA,2017,July,"56,178","1,060"
WA,2017,August,"56,505","1,065"
WA,2017,September,"56,600","1,094"
WA,2017,October,"56,641","1,112"
WA,2017,November,"57,004","1,133"
WA,2017,December,"56,980","1,168"
WA,2018,January,"56,437","1,166"
WA,2018,February,"56,163","1,170"
WA,2018,March,"56,333","1,164"
WA,2018,March,"56,334","1,164"
WA,2018,April,"56,568","1,156"
WA,2018,April,"56,568","1,158"
WA,2018,April,"56,569","1,156"
WA,2018,April,"56,569","1,158"
WA,2018,May,"56,532","1,144"
WA,2018,May,"56,532","1,153"
WA,2018,May,"56,533","1,144"
WA,2018,May,"56,533","1,153"
WA,2018,June,"56,832","1,136"
WA,2018,June,"56,832","1,160"
WA,2018,June,"56,833","1,136"
WA,2018,June,"56,833","1,160"
WA,2018,July,"57,072","1,083"
WA,2018,July,"57,072","1,115"
WA,2018,July,"57,073","1,083"
WA,2018,July,"57,073","1,115"
WY,2018,June,"4,450",63
WI,2015,January,"50,658",849
WI,2015,February,"50,801",872
WI,2015,March,"51,128",872
WI,2015,April,"51,340",871
WI,2015,May,"51,231",862
WI,2015,June,"51,287",860
WI,2015,July,"51,319",849
WI,2015,August,"51,338",836
WI,2015,September,"51,390",880
WI,2015,October,"51,449",887
WI,2015,November,"51,286",867
WI,2015,December,"51,074",873
WI,2016,January,"50,651",895
WI,2016,February,"50,878",912
WI,2016,March,"50,880",924
WI,2016,April,"50,822",934
WI,2016,May,"51,035",968
WI,2016,June,"51,012",972
WI,2016,July,"51,026","1,004"
WI,2016,August,"51,239","1,054"
WI,2016,September,"51,256","1,056"
WI,2016,October,"51,210","1,062"
WI,2016,November,"51,336","1,066"
WI,2016,December,"51,650","1,079"
WI,2017,January,"51,923","1,100"
WI,2017,February,"51,891","1,104"
WY,2018,July,"4,505",60
WI,2017,March,"51,824","1,095"
WI,2017,April,"51,832","1,094"
WI,2017,May,"51,987","1,095"
WI,2017,June,"52,162","1,131"
WI,2017,July,"52,278","1,146"
WI,2017,August,"52,273","1,149"
WI,2017,September,"52,393","1,146"
WI,2017,October,"52,401","1,170"
WI,2017,November,"52,528","1,170"
WI,2017,December,"52,591","1,177"
WI,2018,January,"52,995","1,159"
WI,2018,February,"53,097","1,143"
WI,2018,February,"53,097","1,145"
WI,2018,March,"53,178","1,162"
WI,2018,March,"53,178","1,164"
WI,2018,April,"53,322","1,149"
WI,2018,April,"53,322","1,152"
WI,2018,May,"53,314","1,164"
WI,2018,May,"53,314","1,167"
WI,2018,June,"53,319","1,136"
WI,2018,June,"53,319","1,140"
WI,2018,July,"53,487","1,090"
WI,2018,July,"53,487","1,095"
WV,2015,January,"21,732",644
WV,2015,February,"21,811",653
WV,2015,March,"21,882",671
WV,2015,April,"22,086",683
WV,2015,May,"22,201",681
WV,2015,June,"22,163",681
WV,2015,July,"22,290",684
WV,2015,August,"22,290",682
WV,2015,September,"22,294",686
WV,2015,October,"22,365",717
WV,2015,November,"22,251",719
WV,2015,December,"22,173",729
WV,2016,January,"21,943",731
WV,2016,February,"21,824",755
WV,2016,March,"21,804",757
WV,2016,April,"21,727",764
WV,2016,May,"21,717",779
WV,2016,June,"21,817",804
WV,2016,July,"21,830",809
WV,2016,August,"21,807",821
WV,2016,September,"21,845",838
WV,2016,October,"21,840",824
WV,2016,November,"21,916",856
WV,2016,December,"21,990",879
WV,2017,January,"22,174",911
WV,2017,February,"22,226",929
WV,2017,March,"22,371",949
WV,2017,April,"22,448",983
WV,2017,May,"22,418",991
WV,2017,June,"22,365","1,007"
WV,2017,July,"22,275","1,026"
WV,2017,August,"22,358","1,027"
WV,2017,September,"22,283","1,006"
WV,2017,October,"22,354","1,011"
WV,2017,November,"22,403",999
WV,2017,December,"22,562",997
WV,2018,January,"22,846",949
WV,2018,January,"22,846",958
WV,2018,January,"22,849",949
WV,2018,January,"22,849",958
WV,2018,February,"22,842",918
WV,2018,February,"22,842",931
WV,2018,February,"22,849",918
WV,2018,February,"22,849",931
WV,2018,March,"22,831",887
WV,2018,March,"22,831",903
WV,2018,March,"22,841",887
WV,2018,March,"22,841",903
WV,2018,April,"22,819",829
WV,2018,April,"22,819",857
WV,2018,April,"22,832",829
WV,2018,April,"22,832",857
WV,2018,May,"22,947",793
WV,2018,May,"22,947",832
WV,2018,May,"22,963",793
WV,2018,May,"22,963",832
WV,2018,June,"23,026",763
WV,2018,June,"23,026",817
WV,2018,June,"23,044",763
WV,2018,June,"23,044",817
WV,2018,July,"23,069",697
WV,2018,July,"23,069",781
WV,2018,July,"23,089",697
WV,2018,July,"23,089",781
WY,2015,January,"4,365",105
WY,2015,February,"4,395",104
WY,2015,March,"4,456",104
WY,2015,April,"4,526",112
WY,2015,May,"4,507",113
WY,2015,June,"4,487",104
WY,2015,July,"4,521",105
WY,2015,August,"4,541",102
WY,2015,September,"4,508",100
WY,2015,October,"4,499",95
WY,2015,November,"4,500",93
WY,2015,December,"4,507",92
WY,2016,January,"4,445",94
WY,2016,February,"4,454",90
WY,2016,March,"4,422",98
WY,2016,April,"4,379",93
WY,2016,May,"4,404",94
WY,2016,June,"4,430",101
WY,2016,July,"4,387",99
WY,2016,August,"4,395",95
WY,2016,September,"4,358",93
WY,2016,October,"4,365",94
WY,2016,November,"4,337",94
WY,2016,December,"4,347",93
WY,2017,January,"4,352",91
WY,2017,February,"4,339",90
WY,2017,March,"4,346",82
WY,2017,April,"4,380",80
WY,2017,May,"4,383",73
WY,2017,June,"4,323",64
WY,2017,July,"4,321",62
WY,2017,August,"4,297",64
WY,2017,September,"4,332",62
WY,2017,October,"4,354",66
WY,2017,November,"4,380",71
WY,2017,December,"4,374",66
WY,2018,January,"4,425",63
WY,2018,February,"4,431",64
WY,2018,March,"4,456",65
WY,2018,April,"4,447",66
WY,2018,May,"4,447",64
YC,2015,January,"53,516",794
YC,2015,February,"54,100",800
YC,2015,March,"54,149",781
YC,2015,April,"53,978",796
YC,2015,May,"54,029",810
YC,2015,June,"54,107",814
YC,2015,July,"54,291",826
YC,2015,August,"54,505",858
YC,2015,September,"54,449",886
YC,2015,October,"54,572",918
YC,2015,November,"54,320",944
YC,2015,December,"54,120",959
YC,2016,January,"53,624",987
YC,2016,February,"53,421","1,019"
YC,2016,March,"53,547","1,076"
YC,2016,April,"53,516","1,118"
YC,2016,May,"53,496","1,146"
YC,2016,June,"53,435","1,192"
YC,2016,July,"53,502","1,251"
YC,2016,August,"53,485","1,279"
YC,2016,September,"53,533","1,311"
YC,2016,October,"53,545","1,344"
YC,2016,November,"53,882","1,371"
YC,2016,December,"54,280","1,424"
YC,2017,January,"54,566","1,483"
YC,2017,February,"54,403","1,494"
YC,2017,March,"54,145","1,466"
YC,2017,April,"54,067","1,468"
YC,2017,May,"54,194","1,488"
YC,2017,June,"54,245","1,509"
YC,2017,July,"54,200","1,503"
YC,2017,August,"54,191","1,497"
YC,2017,September,"54,331","1,514"
YC,2017,October,"54,287","1,507"
YC,2017,November,"54,241","1,509"
YC,2017,December,"54,319","1,493"
YC,2018,January,"54,737","1,488"
YC,2018,February,"54,919","1,492"
YC,2018,February,"54,919","1,493"
YC,2018,March,"54,993","1,509"
YC,2018,March,"54,993","1,515"
YC,2018,April,"55,067","1,523"
YC,2018,April,"55,067","1,534"
YC,2018,April,"55,068","1,523"
YC,2018,April,"55,068","1,534"
YC,2018,May,"54,916","1,489"
YC,2018,May,"54,916","1,512"
YC,2018,May,"54,917","1,489"
YC,2018,May,"54,917","1,512"
YC,2018,June,"54,997","1,467"
YC,2018,June,"54,997","1,501"
YC,2018,June,"54,998","1,467"
YC,2018,June,"54,998","1,501"
YC,2018,July,"55,034","1,432"
YC,2018,July,"55,034","1,483"
YC,2018,July,"55,035","1,432"
YC,2018,July,"55,035","1,483"
VA,2018,August,"68,066","1,400"
WA,2018,August,"56,989","1,082"
WI,2018,August,"53,631","1,075"
WV,2018,August,"23,046",776
WY,2018,August,"4,512",64
YC,2018,August,"54,993","1,511"
